verified SparkInfer revision=2bcbe122bf34d77fecbaf288df2f395b9c09e79e source_tree_sha256=8b9474c3c5c29097be1efdbf007caaa65817cc7e71fc33e3de18c00953c59f89 source=/wip/nvfp4-ab-source/third_party/sparkinfer
verified XGrammar revision=557becfb64c503ae9c04344b0047661f43f44320 source_tree_sha256=7fa7462fa24c26e6f51ea20ae4faf4c1a416448d2795f7f588ddd8a39c4185b8
verified SparkInfer revision=2bcbe122bf34d77fecbaf288df2f395b9c09e79e source_tree_sha256=8b9474c3c5c29097be1efdbf007caaa65817cc7e71fc33e3de18c00953c59f89 source=/tmp/ds41rt-release-build.22nI3u/source/third_party/sparkinfer
verified XGrammar revision=557becfb64c503ae9c04344b0047661f43f44320 source_tree_sha256=7fa7462fa24c26e6f51ea20ae4faf4c1a416448d2795f7f588ddd8a39c4185b8
   Compiling proc-macro2 v1.0.106
   Compiling quote v1.0.46
   Compiling unicode-ident v1.0.24
   Compiling libc v0.2.186
   Compiling cfg-if v1.0.4
   Compiling memchr v2.8.2
   Compiling shlex v2.0.1
   Compiling serde_core v1.0.228
   Compiling find-msvc-tools v0.1.12
   Compiling itoa v1.0.18
   Compiling once_cell v1.21.4
   Compiling smallvec v1.15.2
   Compiling serde v1.0.228
   Compiling stable_deref_trait v1.2.1
   Compiling pin-project-lite v0.2.17
   Compiling autocfg v1.5.1
   Compiling version_check v0.9.5
   Compiling bytes v1.12.0
   Compiling log v0.4.33
   Compiling zmij v1.0.21
   Compiling futures-core v0.3.32
   Compiling anyhow v1.0.103
   Compiling writeable v0.6.4
   Compiling litemap v0.8.3
   Compiling target-lexicon v0.12.16
   Compiling equivalent v1.0.2
   Compiling serde_json v1.0.150
   Compiling hashbrown v0.17.1
   Compiling icu_normalizer_data v2.3.0
   Compiling icu_properties_data v2.3.0
   Compiling utf8_iter v1.0.4
   Compiling getrandom v0.3.4
   Compiling parking_lot_core v0.9.12
   Compiling simd-adler32 v0.3.10
   Compiling zerocopy v0.8.52
   Compiling regex-syntax v0.8.11
   Compiling zeroize v1.9.0
   Compiling percent-encoding v2.3.2
   Compiling crossbeam-utils v0.8.21
   Compiling crc32fast v1.5.1
   Compiling adler2 v2.0.1
   Compiling scopeguard v1.2.0
   Compiling rustversion v1.0.22
   Compiling strsim v0.11.1
   Compiling futures-sink v0.3.32
   Compiling ident_case v1.0.1
   Compiling fnv v1.0.7
   Compiling unicode-width v0.2.2
   Compiling bitflags v2.13.0
   Compiling portable-atomic v1.13.1
   Compiling untrusted v0.9.0
   Compiling typenum v1.20.1
   Compiling rayon-core v1.13.0
   Compiling rustls v0.23.44
   Compiling pkg-config v0.3.34
   Compiling heck v0.5.0
   Compiling futures-task v0.3.32
   Compiling slab v0.4.12
   Compiling ryu v1.0.23
   Compiling byteorder v1.5.0
   Compiling base64 v0.22.1
   Compiling thiserror v1.0.69
   Compiling option-ext v0.2.0
   Compiling cc v1.4.5
   Compiling tracing-core v0.1.36
   Compiling rustls-pki-types v1.15.1
   Compiling lock_api v0.4.14
   Compiling miniz_oxide v0.9.1
   Compiling futures-channel v0.3.32
   Compiling paste v1.0.15
   Compiling thiserror v2.0.18
   Compiling subtle v2.6.1
   Compiling either v1.16.0
   Compiling futures-io v0.3.32
   Compiling number_prefix v0.4.0
   Compiling form_urlencoded v1.2.2
   Compiling generic-array v0.14.7
   Compiling ahash v0.8.12
   Compiling minimal-lexical v0.2.1
   Compiling bit-vec v0.8.0
   Compiling macro_rules_attribute-proc_macro v0.2.2
   Compiling httparse v1.10.1
   Compiling lazy_static v1.5.0
   Compiling cpufeatures v0.2.17
   Compiling getrandom v0.4.3
   Compiling static_assertions v1.1.0
   Compiling tower-service v0.3.3
   Compiling base64 v0.13.1
   Compiling unicode-segmentation v1.13.3
   Compiling unit-prefix v0.5.2
   Compiling unicode-normalization-alignments v0.1.12
   Compiling num-conv v0.2.2
   Compiling tower-layer v0.3.3
   Compiling num-traits v0.2.19
   Compiling time-core v0.1.9
   Compiling unicode_categories v0.1.1
   Compiling bit-vec v0.6.3
   Compiling daachorse v3.0.3
   Compiling fdeflate v0.3.7
   Compiling miniz_oxide v0.8.9
   Compiling powerfmt v0.2.0
   Compiling deranged v0.5.8
   Compiling utf8parse v0.2.2
   Compiling pxfm v0.1.30
   Compiling aho-corasick v1.1.4
   Compiling itertools v0.14.0
   Compiling nom v8.0.0
   Compiling color_quant v1.1.0
   Compiling byteorder-lite v0.1.0
   Compiling quick-error v2.0.1
   Compiling weezl v0.1.12
   Compiling atomic-waker v1.1.2
   Compiling sync_wrapper v1.0.2
   Compiling httpdate v1.0.3
   Compiling http v1.4.2
   Compiling nom v7.1.3
   Compiling bit-set v0.8.0
   Compiling anstyle-parse v1.0.0
   Compiling memoffset v0.9.1
   Compiling webpki-roots v1.0.9
   Compiling libloading v0.8.9
   Compiling anstyle v1.0.14
   Compiling anstyle-query v1.1.5
   Compiling mime v0.3.17
   Compiling colorchoice v1.0.5
   Compiling bytecount v0.6.9
   Compiling num-cmp v0.1.0
   Compiling time-macros v0.2.32
   Compiling bit-set v0.5.3
   Compiling gcd v2.3.0
   Compiling is_terminal_polyfill v1.70.2
   Compiling bytemuck v1.25.2
   Compiling clap_lex v1.1.0
   Compiling webpki-roots v0.26.11
   Compiling matchit v0.7.3
   Compiling io-uring v0.7.13
   Compiling tracing-log v0.2.0
   Compiling indexmap v2.14.0
   Compiling sharded-slab v0.1.7
   Compiling thread_local v1.1.9
   Compiling flate2 v1.1.10
   Compiling unindent v0.2.4
   Compiling pyo3-build-config v0.22.6
   Compiling ds41rt-ffi v0.1.0 (/tmp/ds41rt-release-build.22nI3u/source/rust/crates/ds41rt-ffi)
   Compiling nu-ansi-term v0.50.3
   Compiling image-webp v0.2.4
   Compiling indoc v2.0.7
   Compiling anstream v1.0.0
   Compiling gif v0.14.2
   Compiling castaway v0.2.4
   Compiling macro_rules_attribute v0.2.2
   Compiling crossbeam-epoch v0.9.18
   Compiling clap_builder v4.6.0
   Compiling syn v2.0.118
   Compiling syn v3.0.5
   Compiling cmake v0.1.58
   Compiling png v0.18.1
   Compiling crossbeam-deque v0.8.6
   Compiling ring v0.17.14
   Compiling onig_sys v69.9.3
   Compiling esaxx-rs v0.1.10
   Compiling errno v0.3.14
   Compiling getrandom v0.2.17
   Compiling socket2 v0.6.4
   Compiling mio v1.2.1
   Compiling dirs-sys v0.5.0
   Compiling console v0.15.11
   Compiling socks v0.3.4
   Compiling console v0.16.6
   Compiling turbojpeg-sys v1.2.0
   Compiling signal-hook-registry v1.4.8
   Compiling num-integer v0.1.47
   Compiling num-complex v0.4.6
   Compiling rand_core v0.9.5
   Compiling dirs v6.0.0
   Compiling block-buffer v0.10.4
   Compiling crypto-common v0.1.7
   Compiling http-body v1.0.1
   Compiling parking_lot v0.12.5
   Compiling http-body-util v0.1.3
   Compiling digest v0.10.7
   Compiling num-bigint v0.4.8
   Compiling num-iter v0.1.46
   Compiling time v0.3.55
   Compiling sha2 v0.10.9
   Compiling indicatif v0.17.11
   Compiling indicatif v0.18.6
   Compiling pyo3-macros-backend v0.22.6
   Compiling pyo3-ffi v0.22.6
   Compiling pyo3 v0.22.6
   Compiling rayon v1.12.0
   Compiling regex-automata v0.4.14
   Compiling uuid v1.23.4
   Compiling serde_path_to_error v0.1.20
   Compiling moxcms v0.8.1
   Compiling num-rational v0.4.2
   Compiling zerovec-derive v0.11.6
   Compiling displaydoc v0.2.7
   Compiling num v0.4.3
   Compiling fraction v0.15.4
   Compiling iso8601 v0.6.6
   Compiling ppv-lite86 v0.2.21
   Compiling rayon-cond v0.4.0
   Compiling rand_chacha v0.9.0
   Compiling synstructure v0.13.2
   Compiling darling_core v0.20.11
   Compiling rand v0.9.4
   Compiling zerofrom-derive v0.1.7
   Compiling yoke-derive v0.8.2
   Compiling serde_derive v1.0.228
   Compiling tracing-attributes v0.1.31
   Compiling tokio-macros v2.7.0
   Compiling futures-macro v0.3.32
   Compiling thiserror-impl v2.0.18
   Compiling thiserror-impl v1.0.69
   Compiling monostate-impl v0.1.18
   Compiling async-trait v0.1.89
   Compiling async-stream-impl v0.3.6
   Compiling axum-macros v0.4.2
   Compiling strum_macros v0.28.0
   Compiling clap_derive v4.6.1
   Compiling monostate v0.1.18
   Compiling async-stream v0.3.6
   Compiling tokio v1.52.3
   Compiling futures-util v0.3.32
   Compiling zerofrom v0.1.8
   Compiling yoke v0.8.3
   Compiling tracing v0.1.44
   Compiling zerovec v0.11.8
   Compiling zerotrie v0.2.5
   Compiling tower-http v0.5.2
   Compiling regex v1.12.4
   Compiling fancy-regex v0.17.0
   Compiling fancy-regex v0.13.0
   Compiling matchers v0.2.0
   Compiling tracing-subscriber v0.3.23
   Compiling darling_macro v0.20.11
   Compiling clap v4.6.1
   Compiling tinystr v0.8.4
   Compiling potential_utf v0.1.6
   Compiling darling v0.20.11
   Compiling derive_builder_core v0.20.2
   Compiling icu_collections v2.3.0
   Compiling icu_locale_core v2.3.0
   Compiling image v0.25.10
   Compiling derive_builder_macro v0.20.2
   Compiling pyo3-macros v0.22.6
   Compiling derive_builder v0.20.2
   Compiling icu_provider v2.3.1
   Compiling icu_properties v2.3.0
   Compiling icu_normalizer v2.3.0
   Compiling dary_heap v0.3.9
   Compiling spm_precompiled v0.1.4
   Compiling compact_str v0.9.1
   Compiling ds41rt-core v0.1.0 (/tmp/ds41rt-release-build.22nI3u/source/rust/crates/ds41rt-core)
   Compiling deepseek-recipe-core v0.1.0
   Compiling serde_urlencoded v0.7.1
   Compiling bincode v1.3.3
   Compiling futures-executor v0.3.32
   Compiling axum-core v0.4.5
   Compiling futures v0.3.32
   Compiling idna_adapter v1.2.2
   Compiling idna v1.1.0
   Compiling url v2.5.8
   Compiling jsonschema v0.18.3
   Compiling rustls-webpki v0.103.15
   Compiling hyper v1.10.1
   Compiling tower v0.5.3
   Compiling tokio-stream v0.1.19
   Compiling onig v6.5.3
   Compiling hyper-util v0.1.20
   Compiling axum v0.7.9
   Compiling ds41rt-transport v0.1.0 (/tmp/ds41rt-release-build.22nI3u/source/rust/crates/ds41rt-transport)
   Compiling ds41rt-hostcache v0.1.0 (/tmp/ds41rt-release-build.22nI3u/source/rust/crates/ds41rt-hostcache)
   Compiling ureq v2.12.1
   Compiling hf-hub v0.4.3
   Compiling tokenizers v0.23.2
   Compiling deepseek-recipe-encoding v0.1.0
   Compiling deepseek-recipe v0.1.0
   Compiling turbojpeg v1.5.1
   Compiling ds41rt-loader v0.1.0 (/tmp/ds41rt-release-build.22nI3u/source/rust/crates/ds41rt-loader)
   Compiling ds41rt-api v0.1.0 (/tmp/ds41rt-release-build.22nI3u/source/rust/crates/ds41rt-api)
   Compiling ds41rt-daemon v0.1.0 (/tmp/ds41rt-release-build.22nI3u/source/rust/crates/ds41rt-daemon)
warning: unused imports: `CoordinatorGraphShape`, `GLM52_FIRST_K_DENSE_REPLACE`, `GLM52_HIDDEN_BF16_BYTES`, `GLM52_NUM_HIDDEN_LAYERS`, `GLM52_ROUTED_SCALING_FACTOR`, `LayerId`, and `LayerWaveMode`
 --> crates/ds41rt-daemon/src/commands/real_full/coordinator_kernels/mod.rs:3:56
  |
3 |     CoordinatorGraphInstancePlan, CoordinatorGraphKey, CoordinatorGraphShape, LayerId,
  |                                                        ^^^^^^^^^^^^^^^^^^^^^  ^^^^^^^
4 |     LayerWaveMode, COORDINATOR_GRAPH_INSTANCE_COUNT, GLM52_FIRST_K_DENSE_REPLACE,
  |     ^^^^^^^^^^^^^                                    ^^^^^^^^^^^^^^^^^^^^^^^^^^^
5 |     GLM52_HIDDEN_BF16_BYTES, GLM52_HIDDEN_SIZE, GLM52_NUM_HIDDEN_LAYERS,
  |     ^^^^^^^^^^^^^^^^^^^^^^^                     ^^^^^^^^^^^^^^^^^^^^^^^
6 |     GLM52_ROUTED_SCALING_FACTOR, GLM52_TOP_K,
  |     ^^^^^^^^^^^^^^^^^^^^^^^^^^^
  |
  = note: `#[warn(unused_imports)]` (part of `#[warn(unused)]`) on by default

warning: unused imports: `DS41RT_CUDA_ROUTER_TOPK_MAX_K` and `DS41RT_CUDA_SAMPLE_TOPK_MAX_K`
  --> crates/ds41rt-daemon/src/commands/real_full/coordinator_kernels/mod.rs:11:20
   |
11 |     NativeLibrary, DS41RT_CUDA_ROUTER_TOPK_MAX_K, DS41RT_CUDA_SAMPLE_TOPK_MAX_K,
   |                    ^^^^^^^^^^^^^^^^^^^^^^^^^^^^^  ^^^^^^^^^^^^^^^^^^^^^^^^^^^^^

warning: unused imports: `PathBuf` and `Path`
  --> crates/ds41rt-daemon/src/commands/real_full/coordinator_kernels/mod.rs:18:17
   |
18 | use std::path::{Path, PathBuf};
   |                 ^^^^  ^^^^^^^

warning: unused imports: `COORDINATOR_GRAPH_INSTANCE_COUNT`, `CoordinatorGraphInstancePlan`, `CoordinatorGraphShape`, `GLM52_FIRST_K_DENSE_REPLACE`, `GLM52_HIDDEN_BF16_BYTES`, `GLM52_HIDDEN_SIZE`, `GLM52_MLA_MXFP4_DS_BYTES_PER_TOKEN`, `GLM52_ROUTED_SCALING_FACTOR`, `GLM52_TOP_K`, `LayerId`, and `LayerWaveMode`
  --> crates/ds41rt-daemon/src/commands/real_full/coordinator_kernels/attention.rs:10:5
   |
10 |     CoordinatorGraphInstancePlan, CoordinatorGraphKey, CoordinatorGraphShape, KvCacheDType,
   |     ^^^^^^^^^^^^^^^^^^^^^^^^^^^^                       ^^^^^^^^^^^^^^^^^^^^^
11 |     LayerId, LayerWaveMode, COORDINATOR_GRAPH_INSTANCE_COUNT,
   |     ^^^^^^^  ^^^^^^^^^^^^^  ^^^^^^^^^^^^^^^^^^^^^^^^^^^^^^^^
12 |     COORDINATOR_GRAPH_PREFILL_BUCKET_ROWS, GLM52_FIRST_K_DENSE_REPLACE, GLM52_HIDDEN_BF16_BYTES,
   |                                            ^^^^^^^^^^^^^^^^^^^^^^^^^^^  ^^^^^^^^^^^^^^^^^^^^^^^
13 |     GLM52_HIDDEN_SIZE, GLM52_MLA_KV_LORA_RANK, GLM52_MLA_MXFP4_DS_BYTES_PER_TOKEN,
   |     ^^^^^^^^^^^^^^^^^                          ^^^^^^^^^^^^^^^^^^^^^^^^^^^^^^^^^^
14 |     GLM52_MLA_QK_ROPE_HEAD_DIM, GLM52_ROUTED_SCALING_FACTOR, GLM52_TOP_K,
   |                                 ^^^^^^^^^^^^^^^^^^^^^^^^^^^  ^^^^^^^^^^^

warning: unused imports: `DS41RT_CUDA_ROUTER_TOPK_MAX_K`, `DS41RT_CUDA_SAMPLE_TOPK_MAX_K`, `Ds41rtCudaGraphCaptureInfo`, and `Ds41rtHostBuffer`
  --> crates/ds41rt-daemon/src/commands/real_full/coordinator_kernels/attention.rs:17:5
   |
17 |     Ds41rtCudaGraphCaptureInfo, Ds41rtDeviceBuffer, Ds41rtHostBuffer, NativeLibrary,
   |     ^^^^^^^^^^^^^^^^^^^^^^^^^^                      ^^^^^^^^^^^^^^^^
18 |     DS41RT_CUDA_GENERIC_KV_PAGE_SIZE, DS41RT_CUDA_ROUTER_TOPK_MAX_K, DS41RT_CUDA_SAMPLE_TOPK_MAX_K,
   |                                       ^^^^^^^^^^^^^^^^^^^^^^^^^^^^^  ^^^^^^^^^^^^^^^^^^^^^^^^^^^^^

warning: unused imports: `PathBuf` and `Path`
  --> crates/ds41rt-daemon/src/commands/real_full/coordinator_kernels/attention.rs:24:17
   |
24 | use std::path::{Path, PathBuf};
   |                 ^^^^  ^^^^^^^

warning: unused import: `std::slice`
  --> crates/ds41rt-daemon/src/commands/real_full/coordinator_kernels/attention.rs:25:5
   |
25 | use std::slice;
   |     ^^^^^^^^^^

warning: unused imports: `COORDINATOR_GRAPH_INSTANCE_COUNT`, `CoordinatorGraphInstancePlan`, `CoordinatorGraphShape`, `GLM52_FIRST_K_DENSE_REPLACE`, `GLM52_HIDDEN_BF16_BYTES`, `GLM52_HIDDEN_SIZE`, `GLM52_NUM_HIDDEN_LAYERS`, `GLM52_ROUTED_SCALING_FACTOR`, `GLM52_TOP_K`, `LayerId`, and `LayerWaveMode`
 --> crates/ds41rt-daemon/src/commands/real_full/coordinator_kernels/embedding.rs:4:5
  |
4 |     CoordinatorGraphInstancePlan, CoordinatorGraphKey, CoordinatorGraphShape, LayerId,
  |     ^^^^^^^^^^^^^^^^^^^^^^^^^^^^                       ^^^^^^^^^^^^^^^^^^^^^  ^^^^^^^
5 |     LayerWaveMode, COORDINATOR_GRAPH_INSTANCE_COUNT, GLM52_FIRST_K_DENSE_REPLACE,
  |     ^^^^^^^^^^^^^  ^^^^^^^^^^^^^^^^^^^^^^^^^^^^^^^^  ^^^^^^^^^^^^^^^^^^^^^^^^^^^
6 |     GLM52_HIDDEN_BF16_BYTES, GLM52_HIDDEN_SIZE, GLM52_NUM_HIDDEN_LAYERS,
  |     ^^^^^^^^^^^^^^^^^^^^^^^  ^^^^^^^^^^^^^^^^^  ^^^^^^^^^^^^^^^^^^^^^^^
7 |     GLM52_ROUTED_SCALING_FACTOR, GLM52_TOP_K,
  |     ^^^^^^^^^^^^^^^^^^^^^^^^^^^  ^^^^^^^^^^^

warning: unused imports: `DS41RT_CUDA_ROUTER_TOPK_MAX_K`, `DS41RT_CUDA_SAMPLE_TOPK_MAX_K`, `Ds41rtCudaGraphCaptureInfo`, and `Ds41rtHostBuffer`
  --> crates/ds41rt-daemon/src/commands/real_full/coordinator_kernels/embedding.rs:10:5
   |
10 |     Ds41rtCudaGraphCaptureInfo, Ds41rtDeviceBuffer, Ds41rtHostBuffer, NativeLibrary,
   |     ^^^^^^^^^^^^^^^^^^^^^^^^^^                      ^^^^^^^^^^^^^^^^
11 |     DS41RT_CUDA_ROUTER_TOPK_MAX_K, DS41RT_CUDA_SAMPLE_TOPK_MAX_K,
   |     ^^^^^^^^^^^^^^^^^^^^^^^^^^^^^  ^^^^^^^^^^^^^^^^^^^^^^^^^^^^^

warning: unused import: `std::collections::HashMap`
  --> crates/ds41rt-daemon/src/commands/real_full/coordinator_kernels/embedding.rs:13:5
   |
13 | use std::collections::HashMap;
   |     ^^^^^^^^^^^^^^^^^^^^^^^^^

warning: unused import: `std::ffi::c_void`
  --> crates/ds41rt-daemon/src/commands/real_full/coordinator_kernels/embedding.rs:14:5
   |
14 | use std::ffi::c_void;
   |     ^^^^^^^^^^^^^^^^

warning: unused imports: `PathBuf` and `Path`
  --> crates/ds41rt-daemon/src/commands/real_full/coordinator_kernels/embedding.rs:15:17
   |
15 | use std::path::{Path, PathBuf};
   |                 ^^^^  ^^^^^^^

warning: unused import: `std::slice`
  --> crates/ds41rt-daemon/src/commands/real_full/coordinator_kernels/embedding.rs:16:5
   |
16 | use std::slice;
   |     ^^^^^^^^^^

warning: unused import: `std::sync::Mutex`
  --> crates/ds41rt-daemon/src/commands/real_full/coordinator_kernels/embedding.rs:17:5
   |
17 | use std::sync::Mutex;
   |     ^^^^^^^^^^^^^^^^

warning: unused imports: `COORDINATOR_GRAPH_INSTANCE_COUNT`, `CoordinatorGraphInstancePlan`, `GLM52_NUM_HIDDEN_LAYERS`, and `GLM52_TOP_K`
  --> crates/ds41rt-daemon/src/commands/real_full/coordinator_kernels/graphs.rs:7:5
   |
 7 |     CoordinatorGraphInstancePlan, CoordinatorGraphKey, CoordinatorGraphShape, KvCacheDType,
   |     ^^^^^^^^^^^^^^^^^^^^^^^^^^^^
 8 |     LayerId, LayerWaveMode, COORDINATOR_GRAPH_INSTANCE_COUNT, DS4_FLASH_HIDDEN_SIZE,
   |                             ^^^^^^^^^^^^^^^^^^^^^^^^^^^^^^^^
...
12 |     GLM52_NUM_HIDDEN_LAYERS, GLM52_ROUTED_SCALING_FACTOR, GLM52_TOP_K,
   |     ^^^^^^^^^^^^^^^^^^^^^^^                               ^^^^^^^^^^^

warning: unused imports: `DS41RT_CUDA_ROUTER_TOPK_MAX_K`, `DS41RT_CUDA_SAMPLE_TOPK_MAX_K`, `Ds41rtCudaGraphCaptureInfo`, and `Ds41rtHostBuffer`
  --> crates/ds41rt-daemon/src/commands/real_full/coordinator_kernels/graphs.rs:15:5
   |
15 |     Ds41rtCudaGraphCaptureInfo, Ds41rtDeviceBuffer, Ds41rtHostBuffer, NativeLibrary,
   |     ^^^^^^^^^^^^^^^^^^^^^^^^^^                      ^^^^^^^^^^^^^^^^
16 |     DS41RT_CUDA_ROUTER_TOPK_MAX_K, DS41RT_CUDA_SAMPLE_TOPK_MAX_K,
   |     ^^^^^^^^^^^^^^^^^^^^^^^^^^^^^  ^^^^^^^^^^^^^^^^^^^^^^^^^^^^^

warning: unused import: `std::collections::HashMap`
  --> crates/ds41rt-daemon/src/commands/real_full/coordinator_kernels/graphs.rs:18:5
   |
18 | use std::collections::HashMap;
   |     ^^^^^^^^^^^^^^^^^^^^^^^^^

warning: unused imports: `PathBuf` and `Path`
  --> crates/ds41rt-daemon/src/commands/real_full/coordinator_kernels/graphs.rs:20:17
   |
20 | use std::path::{Path, PathBuf};
   |                 ^^^^  ^^^^^^^

warning: unused import: `std::slice`
  --> crates/ds41rt-daemon/src/commands/real_full/coordinator_kernels/graphs.rs:21:5
   |
21 | use std::slice;
   |     ^^^^^^^^^^

warning: unused import: `std::sync::Mutex`
  --> crates/ds41rt-daemon/src/commands/real_full/coordinator_kernels/graphs.rs:22:5
   |
22 | use std::sync::Mutex;
   |     ^^^^^^^^^^^^^^^^

warning: unused imports: `COORDINATOR_GRAPH_INSTANCE_COUNT`, `CoordinatorGraphInstancePlan`, `GLM52_HIDDEN_BF16_BYTES`, `GLM52_HIDDEN_SIZE`, `GLM52_NUM_HIDDEN_LAYERS`, `GLM52_ROUTED_SCALING_FACTOR`, and `GLM52_TOP_K`
 --> crates/ds41rt-daemon/src/commands/real_full/coordinator_kernels/linear.rs:4:5
  |
4 |     CoordinatorGraphInstancePlan, CoordinatorGraphKey, CoordinatorGraphShape, LayerId,
  |     ^^^^^^^^^^^^^^^^^^^^^^^^^^^^
5 |     LayerWaveMode, COORDINATOR_GRAPH_INSTANCE_COUNT, GLM52_FIRST_K_DENSE_REPLACE,
  |                    ^^^^^^^^^^^^^^^^^^^^^^^^^^^^^^^^
6 |     GLM52_HIDDEN_BF16_BYTES, GLM52_HIDDEN_SIZE, GLM52_NUM_HIDDEN_LAYERS,
  |     ^^^^^^^^^^^^^^^^^^^^^^^  ^^^^^^^^^^^^^^^^^  ^^^^^^^^^^^^^^^^^^^^^^^
7 |     GLM52_ROUTED_SCALING_FACTOR, GLM52_TOP_K,
  |     ^^^^^^^^^^^^^^^^^^^^^^^^^^^  ^^^^^^^^^^^

warning: unused imports: `DS41RT_CUDA_ROUTER_TOPK_MAX_K`, `DS41RT_CUDA_SAMPLE_TOPK_MAX_K`, `Ds41rtCudaGraphCaptureInfo`, and `Ds41rtHostBuffer`
  --> crates/ds41rt-daemon/src/commands/real_full/coordinator_kernels/linear.rs:10:5
   |
10 |     Ds41rtCudaGraphCaptureInfo, Ds41rtDeviceBuffer, Ds41rtHostBuffer, NativeLibrary,
   |     ^^^^^^^^^^^^^^^^^^^^^^^^^^                      ^^^^^^^^^^^^^^^^
11 |     DS41RT_CUDA_ROUTER_TOPK_MAX_K, DS41RT_CUDA_SAMPLE_TOPK_MAX_K,
   |     ^^^^^^^^^^^^^^^^^^^^^^^^^^^^^  ^^^^^^^^^^^^^^^^^^^^^^^^^^^^^

warning: unused import: `std::collections::HashMap`
  --> crates/ds41rt-daemon/src/commands/real_full/coordinator_kernels/linear.rs:13:5
   |
13 | use std::collections::HashMap;
   |     ^^^^^^^^^^^^^^^^^^^^^^^^^

warning: unused imports: `PathBuf` and `Path`
  --> crates/ds41rt-daemon/src/commands/real_full/coordinator_kernels/linear.rs:15:17
   |
15 | use std::path::{Path, PathBuf};
   |                 ^^^^  ^^^^^^^

warning: unused import: `std::slice`
  --> crates/ds41rt-daemon/src/commands/real_full/coordinator_kernels/linear.rs:16:5
   |
16 | use std::slice;
   |     ^^^^^^^^^^

warning: unused import: `std::sync::Mutex`
  --> crates/ds41rt-daemon/src/commands/real_full/coordinator_kernels/linear.rs:17:5
   |
17 | use std::sync::Mutex;
   |     ^^^^^^^^^^^^^^^^

warning: unused imports: `COORDINATOR_GRAPH_INSTANCE_COUNT`, `CoordinatorGraphInstancePlan`, `GLM52_FIRST_K_DENSE_REPLACE`, `GLM52_HIDDEN_BF16_BYTES`, `GLM52_NUM_HIDDEN_LAYERS`, `GLM52_ROUTED_SCALING_FACTOR`, `GLM52_TOP_K`, `LayerId`, and `LayerWaveMode`
 --> crates/ds41rt-daemon/src/commands/real_full/coordinator_kernels/mlp.rs:5:5
  |
5 |     CoordinatorGraphInstancePlan, CoordinatorGraphKey, CoordinatorGraphShape, LayerId,
  |     ^^^^^^^^^^^^^^^^^^^^^^^^^^^^                                              ^^^^^^^
6 |     LayerWaveMode, COORDINATOR_GRAPH_INSTANCE_COUNT, GLM52_FIRST_K_DENSE_REPLACE,
  |     ^^^^^^^^^^^^^  ^^^^^^^^^^^^^^^^^^^^^^^^^^^^^^^^  ^^^^^^^^^^^^^^^^^^^^^^^^^^^
7 |     GLM52_HIDDEN_BF16_BYTES, GLM52_HIDDEN_SIZE, GLM52_NUM_HIDDEN_LAYERS,
  |     ^^^^^^^^^^^^^^^^^^^^^^^                     ^^^^^^^^^^^^^^^^^^^^^^^
8 |     GLM52_ROUTED_SCALING_FACTOR, GLM52_TOP_K,
  |     ^^^^^^^^^^^^^^^^^^^^^^^^^^^  ^^^^^^^^^^^

warning: unused imports: `DS41RT_CUDA_ROUTER_TOPK_MAX_K`, `DS41RT_CUDA_SAMPLE_TOPK_MAX_K`, `Ds41rtCudaGraphCaptureInfo`, and `Ds41rtHostBuffer`
  --> crates/ds41rt-daemon/src/commands/real_full/coordinator_kernels/mlp.rs:11:5
   |
11 |     Ds41rtCudaGraphCaptureInfo, Ds41rtDeviceBuffer, Ds41rtHostBuffer, NativeLibrary,
   |     ^^^^^^^^^^^^^^^^^^^^^^^^^^                      ^^^^^^^^^^^^^^^^
12 |     DS41RT_CUDA_ROUTER_TOPK_MAX_K, DS41RT_CUDA_SAMPLE_TOPK_MAX_K,
   |     ^^^^^^^^^^^^^^^^^^^^^^^^^^^^^  ^^^^^^^^^^^^^^^^^^^^^^^^^^^^^

warning: unused import: `std::collections::HashMap`
  --> crates/ds41rt-daemon/src/commands/real_full/coordinator_kernels/mlp.rs:14:5
   |
14 | use std::collections::HashMap;
   |     ^^^^^^^^^^^^^^^^^^^^^^^^^

warning: unused import: `std::ffi::c_void`
  --> crates/ds41rt-daemon/src/commands/real_full/coordinator_kernels/mlp.rs:15:5
   |
15 | use std::ffi::c_void;
   |     ^^^^^^^^^^^^^^^^

warning: unused imports: `PathBuf` and `Path`
  --> crates/ds41rt-daemon/src/commands/real_full/coordinator_kernels/mlp.rs:16:17
   |
16 | use std::path::{Path, PathBuf};
   |                 ^^^^  ^^^^^^^

warning: unused import: `std::slice`
  --> crates/ds41rt-daemon/src/commands/real_full/coordinator_kernels/mlp.rs:17:5
   |
17 | use std::slice;
   |     ^^^^^^^^^^

warning: unused import: `std::sync::Mutex`
  --> crates/ds41rt-daemon/src/commands/real_full/coordinator_kernels/mlp.rs:18:5
   |
18 | use std::sync::Mutex;
   |     ^^^^^^^^^^^^^^^^

warning: unused imports: `COORDINATOR_GRAPH_INSTANCE_COUNT`, `CoordinatorGraphInstancePlan`, `CoordinatorGraphShape`, `GLM52_FIRST_K_DENSE_REPLACE`, `GLM52_HIDDEN_BF16_BYTES`, `GLM52_HIDDEN_SIZE`, `GLM52_NUM_HIDDEN_LAYERS`, `GLM52_ROUTED_SCALING_FACTOR`, `GLM52_TOP_K`, `LayerId`, and `LayerWaveMode`
 --> crates/ds41rt-daemon/src/commands/real_full/coordinator_kernels/norm.rs:4:5
  |
4 |     CoordinatorGraphInstancePlan, CoordinatorGraphKey, CoordinatorGraphShape, LayerId,
  |     ^^^^^^^^^^^^^^^^^^^^^^^^^^^^                       ^^^^^^^^^^^^^^^^^^^^^  ^^^^^^^
5 |     LayerWaveMode, COORDINATOR_GRAPH_INSTANCE_COUNT, GLM52_FIRST_K_DENSE_REPLACE,
  |     ^^^^^^^^^^^^^  ^^^^^^^^^^^^^^^^^^^^^^^^^^^^^^^^  ^^^^^^^^^^^^^^^^^^^^^^^^^^^
6 |     GLM52_HIDDEN_BF16_BYTES, GLM52_HIDDEN_SIZE, GLM52_NUM_HIDDEN_LAYERS,
  |     ^^^^^^^^^^^^^^^^^^^^^^^  ^^^^^^^^^^^^^^^^^  ^^^^^^^^^^^^^^^^^^^^^^^
7 |     GLM52_ROUTED_SCALING_FACTOR, GLM52_TOP_K,
  |     ^^^^^^^^^^^^^^^^^^^^^^^^^^^  ^^^^^^^^^^^

warning: unused imports: `DS41RT_CUDA_ROUTER_TOPK_MAX_K`, `DS41RT_CUDA_SAMPLE_TOPK_MAX_K`, `Ds41rtCudaGraphCaptureInfo`, and `Ds41rtHostBuffer`
  --> crates/ds41rt-daemon/src/commands/real_full/coordinator_kernels/norm.rs:10:5
   |
10 |     Ds41rtCudaGraphCaptureInfo, Ds41rtDeviceBuffer, Ds41rtHostBuffer, NativeLibrary,
   |     ^^^^^^^^^^^^^^^^^^^^^^^^^^                      ^^^^^^^^^^^^^^^^
11 |     DS41RT_CUDA_ROUTER_TOPK_MAX_K, DS41RT_CUDA_SAMPLE_TOPK_MAX_K,
   |     ^^^^^^^^^^^^^^^^^^^^^^^^^^^^^  ^^^^^^^^^^^^^^^^^^^^^^^^^^^^^

warning: unused import: `std::collections::HashMap`
  --> crates/ds41rt-daemon/src/commands/real_full/coordinator_kernels/norm.rs:13:5
   |
13 | use std::collections::HashMap;
   |     ^^^^^^^^^^^^^^^^^^^^^^^^^

warning: unused import: `std::ffi::c_void`
  --> crates/ds41rt-daemon/src/commands/real_full/coordinator_kernels/norm.rs:14:5
   |
14 | use std::ffi::c_void;
   |     ^^^^^^^^^^^^^^^^

warning: unused imports: `PathBuf` and `Path`
  --> crates/ds41rt-daemon/src/commands/real_full/coordinator_kernels/norm.rs:15:17
   |
15 | use std::path::{Path, PathBuf};
   |                 ^^^^  ^^^^^^^

warning: unused import: `std::slice`
  --> crates/ds41rt-daemon/src/commands/real_full/coordinator_kernels/norm.rs:16:5
   |
16 | use std::slice;
   |     ^^^^^^^^^^

warning: unused import: `std::sync::Mutex`
  --> crates/ds41rt-daemon/src/commands/real_full/coordinator_kernels/norm.rs:17:5
   |
17 | use std::sync::Mutex;
   |     ^^^^^^^^^^^^^^^^

warning: unused imports: `COORDINATOR_GRAPH_INSTANCE_COUNT`, `CoordinatorGraphInstancePlan`, `CoordinatorGraphKey`, `CoordinatorGraphShape`, `GLM52_FIRST_K_DENSE_REPLACE`, `GLM52_HIDDEN_BF16_BYTES`, `GLM52_NUM_HIDDEN_LAYERS`, `GLM52_ROUTED_SCALING_FACTOR`, `GLM52_TOP_K`, `LayerId`, and `LayerWaveMode`
 --> crates/ds41rt-daemon/src/commands/real_full/coordinator_kernels/resident.rs:4:5
  |
4 |     CoordinatorGraphInstancePlan, CoordinatorGraphKey, CoordinatorGraphShape, LayerId,
  |     ^^^^^^^^^^^^^^^^^^^^^^^^^^^^  ^^^^^^^^^^^^^^^^^^^  ^^^^^^^^^^^^^^^^^^^^^  ^^^^^^^
5 |     LayerWaveMode, COORDINATOR_GRAPH_INSTANCE_COUNT, GLM52_FIRST_K_DENSE_REPLACE,
  |     ^^^^^^^^^^^^^  ^^^^^^^^^^^^^^^^^^^^^^^^^^^^^^^^  ^^^^^^^^^^^^^^^^^^^^^^^^^^^
6 |     GLM52_HIDDEN_BF16_BYTES, GLM52_HIDDEN_SIZE, GLM52_NUM_HIDDEN_LAYERS,
  |     ^^^^^^^^^^^^^^^^^^^^^^^                     ^^^^^^^^^^^^^^^^^^^^^^^
7 |     GLM52_ROUTED_SCALING_FACTOR, GLM52_TOP_K,
  |     ^^^^^^^^^^^^^^^^^^^^^^^^^^^  ^^^^^^^^^^^

warning: unused imports: `DS41RT_CUDA_ROUTER_TOPK_MAX_K`, `DS41RT_CUDA_SAMPLE_TOPK_MAX_K`, and `Ds41rtCudaGraphCaptureInfo`
  --> crates/ds41rt-daemon/src/commands/real_full/coordinator_kernels/resident.rs:10:5
   |
10 |     Ds41rtCudaGraphCaptureInfo, Ds41rtDeviceBuffer, Ds41rtHostBuffer, NativeLibrary,
   |     ^^^^^^^^^^^^^^^^^^^^^^^^^^
11 |     DS41RT_CUDA_ROUTER_TOPK_MAX_K, DS41RT_CUDA_SAMPLE_TOPK_MAX_K,
   |     ^^^^^^^^^^^^^^^^^^^^^^^^^^^^^  ^^^^^^^^^^^^^^^^^^^^^^^^^^^^^

warning: unused import: `std::ffi::c_void`
  --> crates/ds41rt-daemon/src/commands/real_full/coordinator_kernels/resident.rs:16:5
   |
16 | use std::ffi::c_void;
   |     ^^^^^^^^^^^^^^^^

warning: unused imports: `PathBuf` and `Path`
  --> crates/ds41rt-daemon/src/commands/real_full/coordinator_kernels/resident.rs:17:17
   |
17 | use std::path::{Path, PathBuf};
   |                 ^^^^  ^^^^^^^

warning: unused import: `std::slice`
  --> crates/ds41rt-daemon/src/commands/real_full/coordinator_kernels/resident.rs:18:5
   |
18 | use std::slice;
   |     ^^^^^^^^^^

warning: unused import: `OnceLock`
  --> crates/ds41rt-daemon/src/commands/real_full/coordinator_kernels/resident.rs:19:24
   |
19 | use std::sync::{Mutex, OnceLock};
   |                        ^^^^^^^^

warning: unused imports: `COORDINATOR_GRAPH_INSTANCE_COUNT`, `CoordinatorGraphInstancePlan`, `GLM52_FIRST_K_DENSE_REPLACE`, `GLM52_HIDDEN_BF16_BYTES`, `GLM52_HIDDEN_SIZE`, `GLM52_NUM_HIDDEN_LAYERS`, `GLM52_ROUTED_SCALING_FACTOR`, and `LayerId`
 --> crates/ds41rt-daemon/src/commands/real_full/coordinator_kernels/residual.rs:4:5
  |
4 |     CoordinatorGraphInstancePlan, CoordinatorGraphKey, CoordinatorGraphShape, LayerId,
  |     ^^^^^^^^^^^^^^^^^^^^^^^^^^^^                                              ^^^^^^^
5 |     LayerWaveMode, COORDINATOR_GRAPH_INSTANCE_COUNT, DS4_EXPERT_TP_WORLD_SIZE,
  |                    ^^^^^^^^^^^^^^^^^^^^^^^^^^^^^^^^
6 |     GLM52_FIRST_K_DENSE_REPLACE, GLM52_HIDDEN_BF16_BYTES, GLM52_HIDDEN_SIZE,
  |     ^^^^^^^^^^^^^^^^^^^^^^^^^^^  ^^^^^^^^^^^^^^^^^^^^^^^  ^^^^^^^^^^^^^^^^^
7 |     GLM52_NUM_HIDDEN_LAYERS, GLM52_ROUTED_SCALING_FACTOR,
  |     ^^^^^^^^^^^^^^^^^^^^^^^  ^^^^^^^^^^^^^^^^^^^^^^^^^^^

warning: unused imports: `DS41RT_CUDA_ROUTER_TOPK_MAX_K`, `DS41RT_CUDA_SAMPLE_TOPK_MAX_K`, `Ds41rtCudaGraphCaptureInfo`, and `Ds41rtHostBuffer`
  --> crates/ds41rt-daemon/src/commands/real_full/coordinator_kernels/residual.rs:10:5
   |
10 |     Ds41rtCudaGraphCaptureInfo, Ds41rtDeviceBuffer, Ds41rtHostBuffer, NativeLibrary,
   |     ^^^^^^^^^^^^^^^^^^^^^^^^^^                      ^^^^^^^^^^^^^^^^
11 |     DS41RT_CUDA_ROUTER_TOPK_MAX_K, DS41RT_CUDA_SAMPLE_TOPK_MAX_K,
   |     ^^^^^^^^^^^^^^^^^^^^^^^^^^^^^  ^^^^^^^^^^^^^^^^^^^^^^^^^^^^^

warning: unused import: `std::collections::HashMap`
  --> crates/ds41rt-daemon/src/commands/real_full/coordinator_kernels/residual.rs:14:5
   |
14 | use std::collections::HashMap;
   |     ^^^^^^^^^^^^^^^^^^^^^^^^^

warning: unused imports: `PathBuf` and `Path`
  --> crates/ds41rt-daemon/src/commands/real_full/coordinator_kernels/residual.rs:16:17
   |
16 | use std::path::{Path, PathBuf};
   |                 ^^^^  ^^^^^^^

warning: unused import: `std::slice`
  --> crates/ds41rt-daemon/src/commands/real_full/coordinator_kernels/residual.rs:17:5
   |
17 | use std::slice;
   |     ^^^^^^^^^^

warning: unused import: `Mutex`
  --> crates/ds41rt-daemon/src/commands/real_full/coordinator_kernels/residual.rs:19:22
   |
19 | use std::sync::{Arc, Mutex};
   |                      ^^^^^

warning: unused imports: `COORDINATOR_GRAPH_INSTANCE_COUNT`, `CoordinatorGraphInstancePlan`, `GLM52_FIRST_K_DENSE_REPLACE`, `GLM52_HIDDEN_BF16_BYTES`, `GLM52_NUM_HIDDEN_LAYERS`, `GLM52_TOP_K`, `LayerId`, and `LayerWaveMode`
 --> crates/ds41rt-daemon/src/commands/real_full/coordinator_kernels/router.rs:5:5
  |
5 |     CoordinatorGraphInstancePlan, CoordinatorGraphKey, CoordinatorGraphShape, LayerId,
  |     ^^^^^^^^^^^^^^^^^^^^^^^^^^^^                                              ^^^^^^^
6 |     LayerWaveMode, ModelVariant, COORDINATOR_GRAPH_INSTANCE_COUNT, GLM52_FIRST_K_DENSE_REPLACE,
  |     ^^^^^^^^^^^^^                ^^^^^^^^^^^^^^^^^^^^^^^^^^^^^^^^  ^^^^^^^^^^^^^^^^^^^^^^^^^^^
7 |     GLM52_HIDDEN_BF16_BYTES, GLM52_HIDDEN_SIZE, GLM52_NUM_HIDDEN_LAYERS,
  |     ^^^^^^^^^^^^^^^^^^^^^^^                     ^^^^^^^^^^^^^^^^^^^^^^^
8 |     GLM52_ROUTED_SCALING_FACTOR, GLM52_TOP_K,
  |                                  ^^^^^^^^^^^

warning: unused imports: `DS41RT_CUDA_SAMPLE_TOPK_MAX_K`, `Ds41rtCudaGraphCaptureInfo`, and `Ds41rtHostBuffer`
  --> crates/ds41rt-daemon/src/commands/real_full/coordinator_kernels/router.rs:11:5
   |
11 |     Ds41rtCudaGraphCaptureInfo, Ds41rtDeviceBuffer, Ds41rtHostBuffer, NativeLibrary,
   |     ^^^^^^^^^^^^^^^^^^^^^^^^^^                      ^^^^^^^^^^^^^^^^
12 |     DS41RT_CUDA_ROUTER_TOPK_MAX_K, DS41RT_CUDA_SAMPLE_TOPK_MAX_K,
   |                                    ^^^^^^^^^^^^^^^^^^^^^^^^^^^^^

warning: unused import: `std::collections::HashMap`
  --> crates/ds41rt-daemon/src/commands/real_full/coordinator_kernels/router.rs:14:5
   |
14 | use std::collections::HashMap;
   |     ^^^^^^^^^^^^^^^^^^^^^^^^^

warning: unused imports: `PathBuf` and `Path`
  --> crates/ds41rt-daemon/src/commands/real_full/coordinator_kernels/router.rs:16:17
   |
16 | use std::path::{Path, PathBuf};
   |                 ^^^^  ^^^^^^^

warning: unused import: `std::sync::Mutex`
  --> crates/ds41rt-daemon/src/commands/real_full/coordinator_kernels/router.rs:18:5
   |
18 | use std::sync::Mutex;
   |     ^^^^^^^^^^^^^^^^

warning: unused imports: `COORDINATOR_GRAPH_INSTANCE_COUNT`, `CoordinatorGraphInstancePlan`, `GLM52_FIRST_K_DENSE_REPLACE`, `GLM52_HIDDEN_BF16_BYTES`, `GLM52_HIDDEN_SIZE`, `GLM52_NUM_HIDDEN_LAYERS`, `GLM52_ROUTED_SCALING_FACTOR`, `GLM52_TOP_K`, and `LayerId`
  --> crates/ds41rt-daemon/src/commands/real_full/coordinator_kernels/sampling.rs:8:5
   |
 8 |     CoordinatorGraphInstancePlan, CoordinatorGraphKey, CoordinatorGraphShape, LayerId,
   |     ^^^^^^^^^^^^^^^^^^^^^^^^^^^^                                              ^^^^^^^
 9 |     LayerWaveMode, COORDINATOR_GRAPH_INSTANCE_COUNT, GLM52_FIRST_K_DENSE_REPLACE,
   |                    ^^^^^^^^^^^^^^^^^^^^^^^^^^^^^^^^  ^^^^^^^^^^^^^^^^^^^^^^^^^^^
10 |     GLM52_HIDDEN_BF16_BYTES, GLM52_HIDDEN_SIZE, GLM52_NUM_HIDDEN_LAYERS,
   |     ^^^^^^^^^^^^^^^^^^^^^^^  ^^^^^^^^^^^^^^^^^  ^^^^^^^^^^^^^^^^^^^^^^^
11 |     GLM52_ROUTED_SCALING_FACTOR, GLM52_TOP_K,
   |     ^^^^^^^^^^^^^^^^^^^^^^^^^^^  ^^^^^^^^^^^

warning: unused imports: `DS41RT_CUDA_ROUTER_TOPK_MAX_K`, `Ds41rtCudaGraphCaptureInfo`, and `Ds41rtHostBuffer`
  --> crates/ds41rt-daemon/src/commands/real_full/coordinator_kernels/sampling.rs:14:5
   |
14 |     Ds41rtCudaGraphCaptureInfo, Ds41rtDeviceBuffer, Ds41rtHostBuffer, NativeLibrary,
   |     ^^^^^^^^^^^^^^^^^^^^^^^^^^                      ^^^^^^^^^^^^^^^^
15 |     DS41RT_CUDA_ROUTER_TOPK_MAX_K, DS41RT_CUDA_SAMPLE_TOPK_MAX_K,
   |     ^^^^^^^^^^^^^^^^^^^^^^^^^^^^^

warning: unused import: `std::collections::HashMap`
  --> crates/ds41rt-daemon/src/commands/real_full/coordinator_kernels/sampling.rs:17:5
   |
17 | use std::collections::HashMap;
   |     ^^^^^^^^^^^^^^^^^^^^^^^^^

warning: unused imports: `PathBuf` and `Path`
  --> crates/ds41rt-daemon/src/commands/real_full/coordinator_kernels/sampling.rs:19:17
   |
19 | use std::path::{Path, PathBuf};
   |                 ^^^^  ^^^^^^^

warning: unused import: `std::slice`
  --> crates/ds41rt-daemon/src/commands/real_full/coordinator_kernels/sampling.rs:20:5
   |
20 | use std::slice;
   |     ^^^^^^^^^^

warning: unused import: `std::sync::Mutex`
  --> crates/ds41rt-daemon/src/commands/real_full/coordinator_kernels/sampling.rs:21:5
   |
21 | use std::sync::Mutex;
   |     ^^^^^^^^^^^^^^^^

warning: unused imports: `COORDINATOR_GRAPH_INSTANCE_COUNT`, `CoordinatorGraphInstancePlan`, `CoordinatorGraphKey`, `CoordinatorGraphShape`, `GLM52_FIRST_K_DENSE_REPLACE`, `GLM52_HIDDEN_BF16_BYTES`, `GLM52_HIDDEN_SIZE`, `GLM52_NUM_HIDDEN_LAYERS`, `GLM52_ROUTED_SCALING_FACTOR`, `GLM52_TOP_K`, `LayerId`, and `LayerWaveMode`
 --> crates/ds41rt-daemon/src/commands/real_full/coordinator_kernels/workspace.rs:4:5
  |
4 |     CoordinatorGraphInstancePlan, CoordinatorGraphKey, CoordinatorGraphShape, LayerId,
  |     ^^^^^^^^^^^^^^^^^^^^^^^^^^^^  ^^^^^^^^^^^^^^^^^^^  ^^^^^^^^^^^^^^^^^^^^^  ^^^^^^^
5 |     LayerWaveMode, COORDINATOR_GRAPH_INSTANCE_COUNT, GLM52_FIRST_K_DENSE_REPLACE,
  |     ^^^^^^^^^^^^^  ^^^^^^^^^^^^^^^^^^^^^^^^^^^^^^^^  ^^^^^^^^^^^^^^^^^^^^^^^^^^^
6 |     GLM52_HIDDEN_BF16_BYTES, GLM52_HIDDEN_SIZE, GLM52_NUM_HIDDEN_LAYERS,
  |     ^^^^^^^^^^^^^^^^^^^^^^^  ^^^^^^^^^^^^^^^^^  ^^^^^^^^^^^^^^^^^^^^^^^
7 |     GLM52_ROUTED_SCALING_FACTOR, GLM52_TOP_K, GLM52_TOTAL_LAYERS_WITH_MTP,
  |     ^^^^^^^^^^^^^^^^^^^^^^^^^^^  ^^^^^^^^^^^

warning: unused imports: `DS41RT_CUDA_ROUTER_TOPK_MAX_K`, `DS41RT_CUDA_SAMPLE_TOPK_MAX_K`, `Ds41rtCudaGraphCaptureInfo`, and `Ds41rtHostBuffer`
  --> crates/ds41rt-daemon/src/commands/real_full/coordinator_kernels/workspace.rs:10:5
   |
10 |     Ds41rtCudaGraphCaptureInfo, Ds41rtDeviceBuffer, Ds41rtHostBuffer, NativeLibrary,
   |     ^^^^^^^^^^^^^^^^^^^^^^^^^^                      ^^^^^^^^^^^^^^^^
11 |     DS41RT_CUDA_ROUTER_TOPK_MAX_K, DS41RT_CUDA_SAMPLE_TOPK_MAX_K,
   |     ^^^^^^^^^^^^^^^^^^^^^^^^^^^^^  ^^^^^^^^^^^^^^^^^^^^^^^^^^^^^

warning: unused import: `std::collections::HashMap`
  --> crates/ds41rt-daemon/src/commands/real_full/coordinator_kernels/workspace.rs:13:5
   |
13 | use std::collections::HashMap;
   |     ^^^^^^^^^^^^^^^^^^^^^^^^^

warning: unused import: `std::ffi::c_void`
  --> crates/ds41rt-daemon/src/commands/real_full/coordinator_kernels/workspace.rs:14:5
   |
14 | use std::ffi::c_void;
   |     ^^^^^^^^^^^^^^^^

warning: unused import: `std::sync::Mutex`
  --> crates/ds41rt-daemon/src/commands/real_full/coordinator_kernels/workspace.rs:17:5
   |
17 | use std::sync::Mutex;
   |     ^^^^^^^^^^^^^^^^

warning: unused imports: `KvCacheDType` and `coordinator_graph_bucket_for_active_rows`
 --> crates/ds41rt-daemon/src/commands/real_full/entry.rs:3:5
  |
3 |     coordinator_graph_bucket_for_active_rows, DeepseekV4KvCacheFormat, KvCacheConfig, KvCacheDType,
  |     ^^^^^^^^^^^^^^^^^^^^^^^^^^^^^^^^^^^^^^^^                                          ^^^^^^^^^^^^

warning: unused import: `real_full_sparse_transport_plan`
  --> crates/ds41rt-daemon/src/commands/real_full/entry.rs:51:5
   |
51 |     real_full_sparse_transport_plan,
   |     ^^^^^^^^^^^^^^^^^^^^^^^^^^^^^^^

warning: unused import: `DType`
 --> crates/ds41rt-daemon/src/commands/real_full/expert_probe/protocol_v2_executor.rs:3:79
  |
3 |     owner_for_expert, plan_completion_first_routes, CompletionRoutePlanEntry, DType,
  |                                                                               ^^^^^

warning: unused import: `DEEPSEEK_V4_EXL3_RECIPE`
  --> crates/ds41rt-daemon/src/commands/real_full/expert_probe/protocol_v2_executor.rs:10:5
   |
10 |     DEEPSEEK_V4_EXL3_RECIPE, DEEPSEEK_V4_EXL3_T12_LUT_BYTES,
   |     ^^^^^^^^^^^^^^^^^^^^^^^

warning: unused import: `GLM52_MLA_FP8_DS_SCALE_BYTES_PER_TOKEN`
 --> crates/ds41rt-daemon/src/commands/real_full/kv/device.rs:5:39
  |
5 |     GLM52_MLA_FP8_DS_BYTES_PER_TOKEN, GLM52_MLA_FP8_DS_SCALE_BYTES_PER_TOKEN,
  |                                       ^^^^^^^^^^^^^^^^^^^^^^^^^^^^^^^^^^^^^^

warning: unused import: `KvCacheDType`
 --> crates/ds41rt-daemon/src/commands/real_full/preflight.rs:4:5
  |
4 |     KvCacheDType, ModelFacts, TensorCatalog, TransportCapabilities,
  |     ^^^^^^^^^^^^

warning: unused import: `preload_resident_weight_from_host_staging`
  --> crates/ds41rt-daemon/src/commands/real_full/residency.rs:17:5
   |
17 |     preload_resident_weight_from_host_staging, preload_resident_weight_from_pinned_host_profiled,
   |     ^^^^^^^^^^^^^^^^^^^^^^^^^^^^^^^^^^^^^^^^^

warning: unused imports: `score_real_lm_head_full_vocab_for_device_hidden` and `score_real_lm_head_full_vocab_for_hidden`
  --> crates/ds41rt-daemon/src/commands/real_full/sampling.rs:10:5
   |
10 |     score_real_lm_head_full_vocab_for_device_hidden,
   |     ^^^^^^^^^^^^^^^^^^^^^^^^^^^^^^^^^^^^^^^^^^^^^^^
...
15 |     score_real_lm_head_full_vocab_for_hidden, RealFullLmHeadSamplingOptions,
   |     ^^^^^^^^^^^^^^^^^^^^^^^^^^^^^^^^^^^^^^^^

warning: unused import: `GLM52_TOP_K`
 --> crates/ds41rt-daemon/src/commands/real_full/scheduler/execution/admission.rs:7:55
  |
7 |     GLM52_MLA_QK_ROPE_HEAD_DIM, GLM52_MLA_ROPE_THETA, GLM52_TOP_K,
  |                                                       ^^^^^^^^^^^

warning: unused imports: `GLM52_ROUTED_EXPERTS` and `GLM52_TOTAL_LAYERS_WITH_MTP`
  --> crates/ds41rt-daemon/src/commands/real_full/scheduler/execution/progression.rs:13:59
   |
13 |     GLM52_FIRST_K_DENSE_REPLACE, GLM52_NUM_HIDDEN_LAYERS, GLM52_ROUTED_EXPERTS, GLM52_TOP_K,
   |                                                           ^^^^^^^^^^^^^^^^^^^^
14 |     GLM52_TOTAL_LAYERS_WITH_MTP,
   |     ^^^^^^^^^^^^^^^^^^^^^^^^^^^

warning: unused import: `DEEPSEEK_V4_EXL3_RECIPE`
  --> crates/ds41rt-daemon/src/commands/real_full/scheduler/execution/progression.rs:17:73
   |
17 | use ds41rt_loader::{is_deepseek_v4_exl3_recipe, read_tensor_bytes_into, DEEPSEEK_V4_EXL3_RECIPE};
   |                                                                         ^^^^^^^^^^^^^^^^^^^^^^^

warning: unused imports: `ExpertProtocolV2Request`, `ExpertProtocolV2RouteEntry`, and `ExpertProtocolV2Status`
  --> crates/ds41rt-daemon/src/commands/real_full/scheduler/execution/progression.rs:19:36
   |
19 |     expert_protocol_v2_compact_id, ExpertProtocolV2Request, ExpertProtocolV2RouteEntry,
   |                                    ^^^^^^^^^^^^^^^^^^^^^^^  ^^^^^^^^^^^^^^^^^^^^^^^^^^
20 |     ExpertProtocolV2Status, ExpertV2Dtype, TcpProtocolV2HostBatchSetBf16PayloadDispatch,
   |     ^^^^^^^^^^^^^^^^^^^^^^

warning: unused import: `DEEPSEEK_V4_EXL3_RECIPE`
  --> crates/ds41rt-daemon/src/commands/real_full/scheduler/protocol_v2.rs:12:49
   |
12 | use ds41rt_loader::{is_deepseek_v4_exl3_recipe, DEEPSEEK_V4_EXL3_RECIPE};
   |                                                 ^^^^^^^^^^^^^^^^^^^^^^^

warning: unused imports: `EXPERT_INTERMEDIATE_SHARDS_ENV` and `expert_intermediate_shard_count_from_env`
  --> crates/ds41rt-daemon/src/commands/real_full.rs:35:5
   |
35 |     expert_intermediate_shard_count_from_env, spark_expert_intermediate_shard_from_env,
   |     ^^^^^^^^^^^^^^^^^^^^^^^^^^^^^^^^^^^^^^^^
36 |     spark_expert_owner_reduction_config_from_env, ExpertIntermediateShard,
37 |     EXPERT_INTERMEDIATE_SHARDS_ENV,
   |     ^^^^^^^^^^^^^^^^^^^^^^^^^^^^^^

warning: unused import: `ExpertExecutionBudget`
  --> crates/ds41rt-daemon/src/v41_experts.rs:13:45
   |
13 | pub(crate) use execution::{ExpertExecution, ExpertExecutionBudget, HostExpertExchange};
   |                                             ^^^^^^^^^^^^^^^^^^^^^

warning: unused import: `crate::v41_backbone_cache::BackboneCache`
  --> crates/ds41rt-daemon/src/v41_native_serve.rs:13:5
   |
13 | use crate::v41_backbone_cache::BackboneCache;
   |     ^^^^^^^^^^^^^^^^^^^^^^^^^^^^^^^^^^^^^^^^

warning: unnecessary `unsafe` block
    --> crates/ds41rt-daemon/src/commands/bench_cuda_kernels.rs:2464:43
     |
2443 |     unsafe {
     |     ------ because it's nested under this `unsafe` block
...
2464 |         let timing = time_kernel(args, || unsafe {
     |                                           ^^^^^^ unnecessary `unsafe` block
     |
     = note: `#[warn(unused_unsafe)]` (part of `#[warn(unused)]`) on by default

warning: unused variable: `iteration`
   --> crates/ds41rt-daemon/src/commands/bench_protocol_v2_tcp.rs:497:9
    |
497 |     for iteration in 0..iterations {
    |         ^^^^^^^^^ help: if this is intentional, prefix it with an underscore: `_iteration`
    |
    = note: `#[warn(unused_variables)]` (part of `#[warn(unused)]`) on by default

warning: unused variable: `inner`
    --> crates/ds41rt-daemon/src/commands/real_full/prefix_cache.rs:1046:19
     |
1046 | fn debug_validate(inner: &TargetKvRadixInner, total_pages: usize) {
     |                   ^^^^^ help: if this is intentional, prefix it with an underscore: `_inner`

warning: unused variable: `total_pages`
    --> crates/ds41rt-daemon/src/commands/real_full/prefix_cache.rs:1046:47
     |
1046 | fn debug_validate(inner: &TargetKvRadixInner, total_pages: usize) {
     |                                               ^^^^^^^^^^^ help: if this is intentional, prefix it with an underscore: `_total_pages`

warning: unused variable: `expert_id`
    --> crates/ds41rt-daemon/src/commands/real_full/scheduler/execution/progression.rs:4169:17
     |
4169 |             let expert_id = u16::try_from(route.expert_id)
     |                 ^^^^^^^^^ help: if this is intentional, prefix it with an underscore: `_expert_id`

warning: unused variable: `final_decode_device_hidden`
    --> crates/ds41rt-daemon/src/commands/real_full/scheduler/execution.rs:3520:9
     |
3520 |         final_decode_device_hidden,
     |         ^^^^^^^^^^^^^^^^^^^^^^^^^^ help: try ignoring the field: `final_decode_device_hidden: _`

warning: unused variable: `final_decode_device_hidden`
    --> crates/ds41rt-daemon/src/commands/real_full/scheduler/execution.rs:3759:9
     |
3759 |         final_decode_device_hidden,
     |         ^^^^^^^^^^^^^^^^^^^^^^^^^^ help: try ignoring the field: `final_decode_device_hidden: _`

warning: value assigned to `enqueue_ms` is never read
     --> crates/ds41rt-daemon/src/commands/real_full/sparse_mlp/route.rs:12095:26
      |
12095 |     let mut enqueue_ms = 0.0_f64;
      |                          ^^^^^^^ this value is reassigned later and never used
...
13173 |                     enqueue_ms = elapsed_ms(enqueue_started);
      |                     ---------------------------------------- `enqueue_ms` is overwritten here before the previous value is read
      |
      = note: `#[warn(unused_assignments)]` (part of `#[warn(unused)]`) on by default

warning: value assigned to `used_b12x_route_lanes` is never read
     --> crates/ds41rt-daemon/src/commands/real_full/sparse_mlp/route.rs:12119:37
      |
12119 |     let mut used_b12x_route_lanes = 1_usize;
      |                                     ^^^^^^^ this value is reassigned later and never used
...
12393 |             used_b12x_route_lanes = b12x_direct_workspaces.len().max(1);
      |             ----------------------------------------------------------- `used_b12x_route_lanes` is overwritten here before the previous value is read

warning: unused variable: `end`
   --> crates/ds41rt-daemon/src/commands/real_full/sparse_mlp/router.rs:502:13
    |
502 |         let end = start
    |             ^^^ help: if this is intentional, prefix it with an underscore: `_end`

warning: unused variable: `library`
  --> crates/ds41rt-daemon/src/v41_experts/nvfp4.rs:84:9
   |
84 |         library: &NativeLibrary,
   |         ^^^^^^^ help: if this is intentional, prefix it with an underscore: `_library`

warning: unused variable: `i`
   --> crates/ds41rt-daemon/src/v41_backbone_execution/distributed.rs:199:23
    |
199 |             .filter(|&i| !batch.stage().reuses_sources() && !batch.is_reserved())
    |                       ^ help: if this is intentional, prefix it with an underscore: `_i`

warning: unnecessary `unsafe` block
   --> crates/ds41rt-daemon/src/v41_target_pass/distributed.rs:130:22
    |
130 |                 raw: unsafe { device.library.cuda_stream_create()? },
    |                      ^^^^^^ unnecessary `unsafe` block

warning: unused variable: `before_chunk`
  --> crates/ds41rt-daemon/src/v41_native_serve/prefill_target.rs:44:9
   |
44 |         before_chunk: &dyn Fn() -> Result<()>) -> Result<()> {
   |         ^^^^^^^^^^^^ help: if this is intentional, prefix it with an underscore: `_before_chunk`

warning: unused variable: `lib`
  --> crates/ds41rt-daemon/src/v41_native_serve/scheduler/independent.rs:25:78
   |
25 | async fn lane<'a, P: VerificationTarget<'a>, C: DraftChain<'a>>(lane: usize, lib: &'a NativeLibrary, pass: &mut P,
   |                                                                              ^^^ help: if this is intentional, prefix it with an underscore: `_lib`

warning: type `coordinator_kernels::CoordinatorCudaGraphSignature` is more private than the item `rope_graph_signature`
    --> crates/ds41rt-daemon/src/commands/real_full/coordinator_kernels/attention.rs:1498:1
     |
1498 | / pub(in crate::commands::real_full) fn rope_graph_signature(
1499 | |     graph_key: &CoordinatorGraphKey,
1500 | |     heads: usize,
1501 | |     rotary_dim: usize,
1502 | |     theta: f32,
1503 | | ) -> CoordinatorCudaGraphSignature {
     | |__________________________________^ function `rope_graph_signature` is reachable at visibility `pub(in crate::commands::real_full)`
     |
note: but type `coordinator_kernels::CoordinatorCudaGraphSignature` is only usable at visibility `pub(self)`
    --> crates/ds41rt-daemon/src/commands/real_full/coordinator_kernels/mod.rs:1376:1
     |
1376 | struct CoordinatorCudaGraphSignature {
     | ^^^^^^^^^^^^^^^^^^^^^^^^^^^^^^^^^^^^
     = note: `#[warn(private_interfaces)]` on by default

warning: type `coordinator_kernels::CoordinatorCudaGraphWorkspaceSlot` is more private than the item `capture_or_update_layer_rope_bf16_graph`
    --> crates/ds41rt-daemon/src/commands/real_full/coordinator_kernels/attention.rs:1701:1
     |
1701 | / pub(in crate::commands::real_full) fn capture_or_update_layer_rope_bf16_graph(
1702 | |     library: &'static NativeLibrary,
1703 | |     slot: &mut CoordinatorCudaGraphWorkspaceSlot,
1704 | |     signature: CoordinatorCudaGraphSignature,
...    |
1712 | |     label: &'static str,
1713 | | ) -> Result<()> {
     | |_______________^ function `capture_or_update_layer_rope_bf16_graph` is reachable at visibility `pub(in crate::commands::real_full)`
     |
note: but type `coordinator_kernels::CoordinatorCudaGraphWorkspaceSlot` is only usable at visibility `pub(self)`
    --> crates/ds41rt-daemon/src/commands/real_full/coordinator_kernels/mod.rs:2131:1
     |
2131 | struct CoordinatorCudaGraphWorkspaceSlot {
     | ^^^^^^^^^^^^^^^^^^^^^^^^^^^^^^^^^^^^^^^^

warning: type `coordinator_kernels::CoordinatorCudaGraphSignature` is more private than the item `capture_or_update_layer_rope_bf16_graph`
    --> crates/ds41rt-daemon/src/commands/real_full/coordinator_kernels/attention.rs:1701:1
     |
1701 | / pub(in crate::commands::real_full) fn capture_or_update_layer_rope_bf16_graph(
1702 | |     library: &'static NativeLibrary,
1703 | |     slot: &mut CoordinatorCudaGraphWorkspaceSlot,
1704 | |     signature: CoordinatorCudaGraphSignature,
...    |
1712 | |     label: &'static str,
1713 | | ) -> Result<()> {
     | |_______________^ function `capture_or_update_layer_rope_bf16_graph` is reachable at visibility `pub(in crate::commands::real_full)`
     |
note: but type `coordinator_kernels::CoordinatorCudaGraphSignature` is only usable at visibility `pub(self)`
    --> crates/ds41rt-daemon/src/commands/real_full/coordinator_kernels/mod.rs:1376:1
     |
1376 | struct CoordinatorCudaGraphSignature {
     | ^^^^^^^^^^^^^^^^^^^^^^^^^^^^^^^^^^^^

warning: type `coordinator_kernels::CoordinatorCudaGraphWorkspaceSlot` is more private than the item `capture_or_update_layer_b12x_mla_rope_attention_bf16_graph`
    --> crates/ds41rt-daemon/src/commands/real_full/coordinator_kernels/attention.rs:6132:1
     |
6132 | / pub(in crate::commands::real_full) fn capture_or_update_layer_b12x_mla_rope_attention_bf16_graph(
6133 | |     library: &'static NativeLibrary,
6134 | |     slot: &mut CoordinatorCudaGraphWorkspaceSlot,
6135 | |     signature: CoordinatorCudaGraphSignature,
...    |
6148 | |     label: &'static str,
6149 | | ) -> Result<()> {
     | |_______________^ function `capture_or_update_layer_b12x_mla_rope_attention_bf16_graph` is reachable at visibility `pub(in crate::commands::real_full)`
     |
note: but type `coordinator_kernels::CoordinatorCudaGraphWorkspaceSlot` is only usable at visibility `pub(self)`
    --> crates/ds41rt-daemon/src/commands/real_full/coordinator_kernels/mod.rs:2131:1
     |
2131 | struct CoordinatorCudaGraphWorkspaceSlot {
     | ^^^^^^^^^^^^^^^^^^^^^^^^^^^^^^^^^^^^^^^^

warning: type `coordinator_kernels::CoordinatorCudaGraphSignature` is more private than the item `capture_or_update_layer_b12x_mla_rope_attention_bf16_graph`
    --> crates/ds41rt-daemon/src/commands/real_full/coordinator_kernels/attention.rs:6132:1
     |
6132 | / pub(in crate::commands::real_full) fn capture_or_update_layer_b12x_mla_rope_attention_bf16_graph(
6133 | |     library: &'static NativeLibrary,
6134 | |     slot: &mut CoordinatorCudaGraphWorkspaceSlot,
6135 | |     signature: CoordinatorCudaGraphSignature,
...    |
6148 | |     label: &'static str,
6149 | | ) -> Result<()> {
     | |_______________^ function `capture_or_update_layer_b12x_mla_rope_attention_bf16_graph` is reachable at visibility `pub(in crate::commands::real_full)`
     |
note: but type `coordinator_kernels::CoordinatorCudaGraphSignature` is only usable at visibility `pub(self)`
    --> crates/ds41rt-daemon/src/commands/real_full/coordinator_kernels/mod.rs:1376:1
     |
1376 | struct CoordinatorCudaGraphSignature {
     | ^^^^^^^^^^^^^^^^^^^^^^^^^^^^^^^^^^^^

warning: type `coordinator_kernels::CoordinatorCudaGraphWorkspaceSlot` is more private than the item `capture_or_update_layer_mla_rope_attention_bf16_graph`
    --> crates/ds41rt-daemon/src/commands/real_full/coordinator_kernels/attention.rs:6242:1
     |
6242 | / pub(in crate::commands::real_full) fn capture_or_update_layer_mla_rope_attention_bf16_graph(
6243 | |     library: &'static NativeLibrary,
6244 | |     slot: &mut CoordinatorCudaGraphWorkspaceSlot,
6245 | |     signature: CoordinatorCudaGraphSignature,
...    |
6258 | |     label: &'static str,
6259 | | ) -> Result<()> {
     | |_______________^ function `capture_or_update_layer_mla_rope_attention_bf16_graph` is reachable at visibility `pub(in crate::commands::real_full)`
     |
note: but type `coordinator_kernels::CoordinatorCudaGraphWorkspaceSlot` is only usable at visibility `pub(self)`
    --> crates/ds41rt-daemon/src/commands/real_full/coordinator_kernels/mod.rs:2131:1
     |
2131 | struct CoordinatorCudaGraphWorkspaceSlot {
     | ^^^^^^^^^^^^^^^^^^^^^^^^^^^^^^^^^^^^^^^^

warning: type `coordinator_kernels::CoordinatorCudaGraphSignature` is more private than the item `capture_or_update_layer_mla_rope_attention_bf16_graph`
    --> crates/ds41rt-daemon/src/commands/real_full/coordinator_kernels/attention.rs:6242:1
     |
6242 | / pub(in crate::commands::real_full) fn capture_or_update_layer_mla_rope_attention_bf16_graph(
6243 | |     library: &'static NativeLibrary,
6244 | |     slot: &mut CoordinatorCudaGraphWorkspaceSlot,
6245 | |     signature: CoordinatorCudaGraphSignature,
...    |
6258 | |     label: &'static str,
6259 | | ) -> Result<()> {
     | |_______________^ function `capture_or_update_layer_mla_rope_attention_bf16_graph` is reachable at visibility `pub(in crate::commands::real_full)`
     |
note: but type `coordinator_kernels::CoordinatorCudaGraphSignature` is only usable at visibility `pub(self)`
    --> crates/ds41rt-daemon/src/commands/real_full/coordinator_kernels/mod.rs:1376:1
     |
1376 | struct CoordinatorCudaGraphSignature {
     | ^^^^^^^^^^^^^^^^^^^^^^^^^^^^^^^^^^^^

warning: type `coordinator_kernels::CoordinatorCudaGraphWorkspaceSlot` is more private than the item `capture_or_update_layer_mla_kv_cache_unpack_bf16_graph`
    --> crates/ds41rt-daemon/src/commands/real_full/coordinator_kernels/attention.rs:6330:1
     |
6330 | / pub(in crate::commands::real_full) fn capture_or_update_layer_mla_kv_cache_unpack_bf16_graph(
6331 | |     library: &'static NativeLibrary,
6332 | |     slot: &mut CoordinatorCudaGraphWorkspaceSlot,
6333 | |     signature: CoordinatorCudaGraphSignature,
...    |
6343 | |     label: &'static str,
6344 | | ) -> Result<()> {
     | |_______________^ function `capture_or_update_layer_mla_kv_cache_unpack_bf16_graph` is reachable at visibility `pub(in crate::commands::real_full)`
     |
note: but type `coordinator_kernels::CoordinatorCudaGraphWorkspaceSlot` is only usable at visibility `pub(self)`
    --> crates/ds41rt-daemon/src/commands/real_full/coordinator_kernels/mod.rs:2131:1
     |
2131 | struct CoordinatorCudaGraphWorkspaceSlot {
     | ^^^^^^^^^^^^^^^^^^^^^^^^^^^^^^^^^^^^^^^^

warning: type `coordinator_kernels::CoordinatorCudaGraphSignature` is more private than the item `capture_or_update_layer_mla_kv_cache_unpack_bf16_graph`
    --> crates/ds41rt-daemon/src/commands/real_full/coordinator_kernels/attention.rs:6330:1
     |
6330 | / pub(in crate::commands::real_full) fn capture_or_update_layer_mla_kv_cache_unpack_bf16_graph(
6331 | |     library: &'static NativeLibrary,
6332 | |     slot: &mut CoordinatorCudaGraphWorkspaceSlot,
6333 | |     signature: CoordinatorCudaGraphSignature,
...    |
6343 | |     label: &'static str,
6344 | | ) -> Result<()> {
     | |_______________^ function `capture_or_update_layer_mla_kv_cache_unpack_bf16_graph` is reachable at visibility `pub(in crate::commands::real_full)`
     |
note: but type `coordinator_kernels::CoordinatorCudaGraphSignature` is only usable at visibility `pub(self)`
    --> crates/ds41rt-daemon/src/commands/real_full/coordinator_kernels/mod.rs:1376:1
     |
1376 | struct CoordinatorCudaGraphSignature {
     | ^^^^^^^^^^^^^^^^^^^^^^^^^^^^^^^^^^^^

warning: type `coordinator_kernels::CoordinatorCudaGraphWorkspaceSlot` is more private than the item `capture_or_update_layer_mla_kv_projected_split_bf16_graph`
    --> crates/ds41rt-daemon/src/commands/real_full/coordinator_kernels/attention.rs:6409:1
     |
6409 | / pub(in crate::commands::real_full) fn capture_or_update_layer_mla_kv_projected_split_bf16_graph(
6410 | |     library: &'static NativeLibrary,
6411 | |     slot: &mut CoordinatorCudaGraphWorkspaceSlot,
6412 | |     signature: CoordinatorCudaGraphSignature,
...    |
6420 | |     label: &'static str,
6421 | | ) -> Result<()> {
     | |_______________^ function `capture_or_update_layer_mla_kv_projected_split_bf16_graph` is reachable at visibility `pub(in crate::commands::real_full)`
     |
note: but type `coordinator_kernels::CoordinatorCudaGraphWorkspaceSlot` is only usable at visibility `pub(self)`
    --> crates/ds41rt-daemon/src/commands/real_full/coordinator_kernels/mod.rs:2131:1
     |
2131 | struct CoordinatorCudaGraphWorkspaceSlot {
     | ^^^^^^^^^^^^^^^^^^^^^^^^^^^^^^^^^^^^^^^^

warning: type `coordinator_kernels::CoordinatorCudaGraphSignature` is more private than the item `capture_or_update_layer_mla_kv_projected_split_bf16_graph`
    --> crates/ds41rt-daemon/src/commands/real_full/coordinator_kernels/attention.rs:6409:1
     |
6409 | / pub(in crate::commands::real_full) fn capture_or_update_layer_mla_kv_projected_split_bf16_graph(
6410 | |     library: &'static NativeLibrary,
6411 | |     slot: &mut CoordinatorCudaGraphWorkspaceSlot,
6412 | |     signature: CoordinatorCudaGraphSignature,
...    |
6420 | |     label: &'static str,
6421 | | ) -> Result<()> {
     | |_______________^ function `capture_or_update_layer_mla_kv_projected_split_bf16_graph` is reachable at visibility `pub(in crate::commands::real_full)`
     |
note: but type `coordinator_kernels::CoordinatorCudaGraphSignature` is only usable at visibility `pub(self)`
    --> crates/ds41rt-daemon/src/commands/real_full/coordinator_kernels/mod.rs:1376:1
     |
1376 | struct CoordinatorCudaGraphSignature {
     | ^^^^^^^^^^^^^^^^^^^^^^^^^^^^^^^^^^^^

warning: type `coordinator_kernels::CoordinatorCudaGraphSignature` is more private than the item `mla_rope_attention_graph_signature`
    --> crates/ds41rt-daemon/src/commands/real_full/coordinator_kernels/attention.rs:6790:1
     |
6790 | / pub(in crate::commands::real_full) fn mla_rope_attention_graph_signature(
6791 | |     graph_key: &CoordinatorGraphKey,
6792 | |     heads: usize,
6793 | |     nope_dim: usize,
...    |
6796 | |     scale: f32,
6797 | | ) -> CoordinatorCudaGraphSignature {
     | |__________________________________^ function `mla_rope_attention_graph_signature` is reachable at visibility `pub(in crate::commands::real_full)`
     |
note: but type `coordinator_kernels::CoordinatorCudaGraphSignature` is only usable at visibility `pub(self)`
    --> crates/ds41rt-daemon/src/commands/real_full/coordinator_kernels/mod.rs:1376:1
     |
1376 | struct CoordinatorCudaGraphSignature {
     | ^^^^^^^^^^^^^^^^^^^^^^^^^^^^^^^^^^^^

warning: type `coordinator_kernels::CoordinatorCudaGraphSignature` is more private than the item `mla_rope_attention_suffix_graph_signature`
    --> crates/ds41rt-daemon/src/commands/real_full/coordinator_kernels/attention.rs:6809:1
     |
6809 | / pub(in crate::commands::real_full) fn mla_rope_attention_suffix_graph_signature(
6810 | |     graph_key: &CoordinatorGraphKey,
6811 | |     query_rows: usize,
6812 | |     heads: usize,
...    |
6816 | |     scale: f32,
6817 | | ) -> CoordinatorCudaGraphSignature {
     | |__________________________________^ function `mla_rope_attention_suffix_graph_signature` is reachable at visibility `pub(in crate::commands::real_full)`
     |
note: but type `coordinator_kernels::CoordinatorCudaGraphSignature` is only usable at visibility `pub(self)`
    --> crates/ds41rt-daemon/src/commands/real_full/coordinator_kernels/mod.rs:1376:1
     |
1376 | struct CoordinatorCudaGraphSignature {
     | ^^^^^^^^^^^^^^^^^^^^^^^^^^^^^^^^^^^^

warning: type `coordinator_kernels::CoordinatorCudaGraphWorkspaceSlot` is more private than the item `capture_or_update_layer_causal_attention_bf16_graph`
    --> crates/ds41rt-daemon/src/commands/real_full/coordinator_kernels/attention.rs:7120:1
     |
7120 | / pub(in crate::commands::real_full) fn capture_or_update_layer_causal_attention_bf16_graph(
7121 | |     library: &'static NativeLibrary,
7122 | |     slot: &mut CoordinatorCudaGraphWorkspaceSlot,
7123 | |     signature: CoordinatorCudaGraphSignature,
...    |
7133 | |     label: &'static str,
7134 | | ) -> Result<()> {
     | |_______________^ function `capture_or_update_layer_causal_attention_bf16_graph` is reachable at visibility `pub(in crate::commands::real_full)`
     |
note: but type `coordinator_kernels::CoordinatorCudaGraphWorkspaceSlot` is only usable at visibility `pub(self)`
    --> crates/ds41rt-daemon/src/commands/real_full/coordinator_kernels/mod.rs:2131:1
     |
2131 | struct CoordinatorCudaGraphWorkspaceSlot {
     | ^^^^^^^^^^^^^^^^^^^^^^^^^^^^^^^^^^^^^^^^

warning: type `coordinator_kernels::CoordinatorCudaGraphSignature` is more private than the item `capture_or_update_layer_causal_attention_bf16_graph`
    --> crates/ds41rt-daemon/src/commands/real_full/coordinator_kernels/attention.rs:7120:1
     |
7120 | / pub(in crate::commands::real_full) fn capture_or_update_layer_causal_attention_bf16_graph(
7121 | |     library: &'static NativeLibrary,
7122 | |     slot: &mut CoordinatorCudaGraphWorkspaceSlot,
7123 | |     signature: CoordinatorCudaGraphSignature,
...    |
7133 | |     label: &'static str,
7134 | | ) -> Result<()> {
     | |_______________^ function `capture_or_update_layer_causal_attention_bf16_graph` is reachable at visibility `pub(in crate::commands::real_full)`
     |
note: but type `coordinator_kernels::CoordinatorCudaGraphSignature` is only usable at visibility `pub(self)`
    --> crates/ds41rt-daemon/src/commands/real_full/coordinator_kernels/mod.rs:1376:1
     |
1376 | struct CoordinatorCudaGraphSignature {
     | ^^^^^^^^^^^^^^^^^^^^^^^^^^^^^^^^^^^^

warning: type `coordinator_kernels::CoordinatorCudaGraphSignature` is more private than the item `causal_attention_graph_signature`
    --> crates/ds41rt-daemon/src/commands/real_full/coordinator_kernels/attention.rs:7228:1
     |
7228 | / pub(in crate::commands::real_full) fn causal_attention_graph_signature(
7229 | |     graph_key: &CoordinatorGraphKey,
7230 | |     heads: usize,
7231 | |     qk_dim: usize,
7232 | |     v_dim: usize,
7233 | |     scale: f32,
7234 | | ) -> CoordinatorCudaGraphSignature {
     | |__________________________________^ function `causal_attention_graph_signature` is reachable at visibility `pub(in crate::commands::real_full)`
     |
note: but type `coordinator_kernels::CoordinatorCudaGraphSignature` is only usable at visibility `pub(self)`
    --> crates/ds41rt-daemon/src/commands/real_full/coordinator_kernels/mod.rs:1376:1
     |
1376 | struct CoordinatorCudaGraphSignature {
     | ^^^^^^^^^^^^^^^^^^^^^^^^^^^^^^^^^^^^

warning: type `coordinator_kernels::CoordinatorCudaGraphWorkspaceSlot` is more private than the item `capture_or_update_input_embedding_lookup_bf16_graph`
    --> crates/ds41rt-daemon/src/commands/real_full/coordinator_kernels/embedding.rs:648:1
     |
 648 | / pub(in crate::commands::real_full) fn capture_or_update_input_embedding_lookup_bf16_graph(
 649 | |     library: &'static NativeLibrary,
 650 | |     slot: &mut CoordinatorCudaGraphWorkspaceSlot,
 651 | |     signature: CoordinatorCudaGraphSignature,
...    |
 658 | |     label: &'static str,
 659 | | ) -> Result<()> {
     | |_______________^ function `capture_or_update_input_embedding_lookup_bf16_graph` is reachable at visibility `pub(in crate::commands::real_full)`
     |
note: but type `coordinator_kernels::CoordinatorCudaGraphWorkspaceSlot` is only usable at visibility `pub(self)`
    --> crates/ds41rt-daemon/src/commands/real_full/coordinator_kernels/mod.rs:2131:1
     |
2131 | struct CoordinatorCudaGraphWorkspaceSlot {
     | ^^^^^^^^^^^^^^^^^^^^^^^^^^^^^^^^^^^^^^^^

warning: type `coordinator_kernels::CoordinatorCudaGraphSignature` is more private than the item `capture_or_update_input_embedding_lookup_bf16_graph`
    --> crates/ds41rt-daemon/src/commands/real_full/coordinator_kernels/embedding.rs:648:1
     |
 648 | / pub(in crate::commands::real_full) fn capture_or_update_input_embedding_lookup_bf16_graph(
 649 | |     library: &'static NativeLibrary,
 650 | |     slot: &mut CoordinatorCudaGraphWorkspaceSlot,
 651 | |     signature: CoordinatorCudaGraphSignature,
...    |
 658 | |     label: &'static str,
 659 | | ) -> Result<()> {
     | |_______________^ function `capture_or_update_input_embedding_lookup_bf16_graph` is reachable at visibility `pub(in crate::commands::real_full)`
     |
note: but type `coordinator_kernels::CoordinatorCudaGraphSignature` is only usable at visibility `pub(self)`
    --> crates/ds41rt-daemon/src/commands/real_full/coordinator_kernels/mod.rs:1376:1
     |
1376 | struct CoordinatorCudaGraphSignature {
     | ^^^^^^^^^^^^^^^^^^^^^^^^^^^^^^^^^^^^

warning: type `coordinator_kernels::CoordinatorCudaGraphWorkspaceSlot` is more private than the item `graphs::capture_or_update_layer_dense_mlp_bf16_graph`
    --> crates/ds41rt-daemon/src/commands/real_full/coordinator_kernels/graphs.rs:1854:1
     |
1854 | / pub(in crate::commands::real_full) fn capture_or_update_layer_dense_mlp_bf16_graph(
1855 | |     library: &'static NativeLibrary,
1856 | |     slot: &mut CoordinatorCudaGraphWorkspaceSlot,
1857 | |     signature: CoordinatorCudaGraphSignature,
...    |
1867 | |     label: &'static str,
1868 | | ) -> Result<()> {
     | |_______________^ function `graphs::capture_or_update_layer_dense_mlp_bf16_graph` is reachable at visibility `pub(in crate::commands::real_full)`
     |
note: but type `coordinator_kernels::CoordinatorCudaGraphWorkspaceSlot` is only usable at visibility `pub(self)`
    --> crates/ds41rt-daemon/src/commands/real_full/coordinator_kernels/mod.rs:2131:1
     |
2131 | struct CoordinatorCudaGraphWorkspaceSlot {
     | ^^^^^^^^^^^^^^^^^^^^^^^^^^^^^^^^^^^^^^^^

warning: type `coordinator_kernels::CoordinatorCudaGraphSignature` is more private than the item `graphs::capture_or_update_layer_dense_mlp_bf16_graph`
    --> crates/ds41rt-daemon/src/commands/real_full/coordinator_kernels/graphs.rs:1854:1
     |
1854 | / pub(in crate::commands::real_full) fn capture_or_update_layer_dense_mlp_bf16_graph(
1855 | |     library: &'static NativeLibrary,
1856 | |     slot: &mut CoordinatorCudaGraphWorkspaceSlot,
1857 | |     signature: CoordinatorCudaGraphSignature,
...    |
1867 | |     label: &'static str,
1868 | | ) -> Result<()> {
     | |_______________^ function `graphs::capture_or_update_layer_dense_mlp_bf16_graph` is reachable at visibility `pub(in crate::commands::real_full)`
     |
note: but type `coordinator_kernels::CoordinatorCudaGraphSignature` is only usable at visibility `pub(self)`
    --> crates/ds41rt-daemon/src/commands/real_full/coordinator_kernels/mod.rs:1376:1
     |
1376 | struct CoordinatorCudaGraphSignature {
     | ^^^^^^^^^^^^^^^^^^^^^^^^^^^^^^^^^^^^

warning: type `coordinator_kernels::CoordinatorCudaGraphWorkspaceSlot` is more private than the item `graphs::capture_or_update_layer_triton_dense_mlp_bf16_graph`
    --> crates/ds41rt-daemon/src/commands/real_full/coordinator_kernels/graphs.rs:1925:1
     |
1925 | / pub(in crate::commands::real_full) fn capture_or_update_layer_triton_dense_mlp_bf16_graph(
1926 | |     library: &'static NativeLibrary,
1927 | |     slot: &mut CoordinatorCudaGraphWorkspaceSlot,
1928 | |     signature: CoordinatorCudaGraphSignature,
...    |
1941 | |     label: &'static str,
1942 | | ) -> Result<()> {
     | |_______________^ function `graphs::capture_or_update_layer_triton_dense_mlp_bf16_graph` is reachable at visibility `pub(in crate::commands::real_full)`
     |
note: but type `coordinator_kernels::CoordinatorCudaGraphWorkspaceSlot` is only usable at visibility `pub(self)`
    --> crates/ds41rt-daemon/src/commands/real_full/coordinator_kernels/mod.rs:2131:1
     |
2131 | struct CoordinatorCudaGraphWorkspaceSlot {
     | ^^^^^^^^^^^^^^^^^^^^^^^^^^^^^^^^^^^^^^^^

warning: type `coordinator_kernels::CoordinatorCudaGraphSignature` is more private than the item `graphs::capture_or_update_layer_triton_dense_mlp_bf16_graph`
    --> crates/ds41rt-daemon/src/commands/real_full/coordinator_kernels/graphs.rs:1925:1
     |
1925 | / pub(in crate::commands::real_full) fn capture_or_update_layer_triton_dense_mlp_bf16_graph(
1926 | |     library: &'static NativeLibrary,
1927 | |     slot: &mut CoordinatorCudaGraphWorkspaceSlot,
1928 | |     signature: CoordinatorCudaGraphSignature,
...    |
1941 | |     label: &'static str,
1942 | | ) -> Result<()> {
     | |_______________^ function `graphs::capture_or_update_layer_triton_dense_mlp_bf16_graph` is reachable at visibility `pub(in crate::commands::real_full)`
     |
note: but type `coordinator_kernels::CoordinatorCudaGraphSignature` is only usable at visibility `pub(self)`
    --> crates/ds41rt-daemon/src/commands/real_full/coordinator_kernels/mod.rs:1376:1
     |
1376 | struct CoordinatorCudaGraphSignature {
     | ^^^^^^^^^^^^^^^^^^^^^^^^^^^^^^^^^^^^

warning: type `coordinator_kernels::CoordinatorCudaGraphWorkspaceSlot` is more private than the item `graphs::capture_or_update_sparse_a_triton_router_topk_bf16_graph`
    --> crates/ds41rt-daemon/src/commands/real_full/coordinator_kernels/graphs.rs:2089:1
     |
2089 | / pub(in crate::commands::real_full) fn capture_or_update_sparse_a_triton_router_topk_bf16_graph(
2090 | |     library: &'static NativeLibrary,
2091 | |     slot: &mut CoordinatorCudaGraphWorkspaceSlot,
2092 | |     signature: CoordinatorCudaGraphSignature,
...    |
2104 | |     label: &'static str,
2105 | | ) -> Result<()> {
     | |_______________^ function `graphs::capture_or_update_sparse_a_triton_router_topk_bf16_graph` is reachable at visibility `pub(in crate::commands::real_full)`
     |
note: but type `coordinator_kernels::CoordinatorCudaGraphWorkspaceSlot` is only usable at visibility `pub(self)`
    --> crates/ds41rt-daemon/src/commands/real_full/coordinator_kernels/mod.rs:2131:1
     |
2131 | struct CoordinatorCudaGraphWorkspaceSlot {
     | ^^^^^^^^^^^^^^^^^^^^^^^^^^^^^^^^^^^^^^^^

warning: type `coordinator_kernels::CoordinatorCudaGraphSignature` is more private than the item `graphs::capture_or_update_sparse_a_triton_router_topk_bf16_graph`
    --> crates/ds41rt-daemon/src/commands/real_full/coordinator_kernels/graphs.rs:2089:1
     |
2089 | / pub(in crate::commands::real_full) fn capture_or_update_sparse_a_triton_router_topk_bf16_graph(
2090 | |     library: &'static NativeLibrary,
2091 | |     slot: &mut CoordinatorCudaGraphWorkspaceSlot,
2092 | |     signature: CoordinatorCudaGraphSignature,
...    |
2104 | |     label: &'static str,
2105 | | ) -> Result<()> {
     | |_______________^ function `graphs::capture_or_update_sparse_a_triton_router_topk_bf16_graph` is reachable at visibility `pub(in crate::commands::real_full)`
     |
note: but type `coordinator_kernels::CoordinatorCudaGraphSignature` is only usable at visibility `pub(self)`
    --> crates/ds41rt-daemon/src/commands/real_full/coordinator_kernels/mod.rs:1376:1
     |
1376 | struct CoordinatorCudaGraphSignature {
     | ^^^^^^^^^^^^^^^^^^^^^^^^^^^^^^^^^^^^

warning: type `coordinator_kernels::CoordinatorCudaGraphSignature` is more private than the item `graphs::dense_mlp_graph_signature`
    --> crates/ds41rt-daemon/src/commands/real_full/coordinator_kernels/graphs.rs:2258:1
     |
2258 | / pub(in crate::commands::real_full) fn dense_mlp_graph_signature(
2259 | |     graph_key: &CoordinatorGraphKey,
2260 | |     hidden: usize,
2261 | |     intermediate: usize,
2262 | |     down_stride: usize,
2263 | | ) -> CoordinatorCudaGraphSignature {
     | |__________________________________^ function `graphs::dense_mlp_graph_signature` is reachable at visibility `pub(in crate::commands::real_full)`
     |
note: but type `coordinator_kernels::CoordinatorCudaGraphSignature` is only usable at visibility `pub(self)`
    --> crates/ds41rt-daemon/src/commands/real_full/coordinator_kernels/mod.rs:1376:1
     |
1376 | struct CoordinatorCudaGraphSignature {
     | ^^^^^^^^^^^^^^^^^^^^^^^^^^^^^^^^^^^^

warning: type `coordinator_kernels::CoordinatorCudaGraphSignature` is more private than the item `graphs::triton_dense_mlp_graph_signature`
    --> crates/ds41rt-daemon/src/commands/real_full/coordinator_kernels/graphs.rs:2272:1
     |
2272 | / pub(in crate::commands::real_full) fn triton_dense_mlp_graph_signature(
2273 | |     rows: usize,
2274 | |     hidden: usize,
2275 | |     intermediate: usize,
...    |
2281 | |     output_buffer: Ds41rtDeviceBuffer,
2282 | | ) -> CoordinatorCudaGraphSignature {
     | |__________________________________^ function `graphs::triton_dense_mlp_graph_signature` is reachable at visibility `pub(in crate::commands::real_full)`
     |
note: but type `coordinator_kernels::CoordinatorCudaGraphSignature` is only usable at visibility `pub(self)`
    --> crates/ds41rt-daemon/src/commands/real_full/coordinator_kernels/mod.rs:1376:1
     |
1376 | struct CoordinatorCudaGraphSignature {
     | ^^^^^^^^^^^^^^^^^^^^^^^^^^^^^^^^^^^^

warning: type `coordinator_kernels::CoordinatorCudaGraphSignature` is more private than the item `graphs::triton_router_topk_graph_signature`
    --> crates/ds41rt-daemon/src/commands/real_full/coordinator_kernels/graphs.rs:2321:1
     |
2321 | / pub(in crate::commands::real_full) fn triton_router_topk_graph_signature(
2322 | |     rows: usize,
2323 | |     hidden_dim: usize,
2324 | |     experts: usize,
...    |
2328 | |     bias_buffer: Ds41rtDeviceBuffer,
2329 | | ) -> CoordinatorCudaGraphSignature {
     | |__________________________________^ function `graphs::triton_router_topk_graph_signature` is reachable at visibility `pub(in crate::commands::real_full)`
     |
note: but type `coordinator_kernels::CoordinatorCudaGraphSignature` is only usable at visibility `pub(self)`
    --> crates/ds41rt-daemon/src/commands/real_full/coordinator_kernels/mod.rs:1376:1
     |
1376 | struct CoordinatorCudaGraphSignature {
     | ^^^^^^^^^^^^^^^^^^^^^^^^^^^^^^^^^^^^

warning: type `coordinator_kernels::CoordinatorCudaGraphWorkspaceSlot` is more private than the item `capture_or_update_coord_dense_envelope_bf16_graph`
    --> crates/ds41rt-daemon/src/commands/real_full/coordinator_kernels/graphs.rs:2603:1
     |
2603 | / pub(in crate::commands::real_full) fn capture_or_update_coord_dense_envelope_bf16_graph(
2604 | |     library: &'static NativeLibrary,
2605 | |     slot: &mut CoordinatorCudaGraphWorkspaceSlot,
2606 | |     signature: CoordinatorCudaGraphSignature,
...    |
2611 | |     label: &'static str,
2612 | | ) -> Result<()> {
     | |_______________^ function `capture_or_update_coord_dense_envelope_bf16_graph` is reachable at visibility `pub(in crate::commands::real_full)`
     |
note: but type `coordinator_kernels::CoordinatorCudaGraphWorkspaceSlot` is only usable at visibility `pub(self)`
    --> crates/ds41rt-daemon/src/commands/real_full/coordinator_kernels/mod.rs:2131:1
     |
2131 | struct CoordinatorCudaGraphWorkspaceSlot {
     | ^^^^^^^^^^^^^^^^^^^^^^^^^^^^^^^^^^^^^^^^

warning: type `coordinator_kernels::CoordinatorCudaGraphSignature` is more private than the item `capture_or_update_coord_dense_envelope_bf16_graph`
    --> crates/ds41rt-daemon/src/commands/real_full/coordinator_kernels/graphs.rs:2603:1
     |
2603 | / pub(in crate::commands::real_full) fn capture_or_update_coord_dense_envelope_bf16_graph(
2604 | |     library: &'static NativeLibrary,
2605 | |     slot: &mut CoordinatorCudaGraphWorkspaceSlot,
2606 | |     signature: CoordinatorCudaGraphSignature,
...    |
2611 | |     label: &'static str,
2612 | | ) -> Result<()> {
     | |_______________^ function `capture_or_update_coord_dense_envelope_bf16_graph` is reachable at visibility `pub(in crate::commands::real_full)`
     |
note: but type `coordinator_kernels::CoordinatorCudaGraphSignature` is only usable at visibility `pub(self)`
    --> crates/ds41rt-daemon/src/commands/real_full/coordinator_kernels/mod.rs:1376:1
     |
1376 | struct CoordinatorCudaGraphSignature {
     | ^^^^^^^^^^^^^^^^^^^^^^^^^^^^^^^^^^^^

warning: type `coordinator_kernels::CoordDenseEnvelopeBf16Buffers` is more private than the item `capture_or_update_coord_dense_envelope_bf16_graph`
    --> crates/ds41rt-daemon/src/commands/real_full/coordinator_kernels/graphs.rs:2603:1
     |
2603 | / pub(in crate::commands::real_full) fn capture_or_update_coord_dense_envelope_bf16_graph(
2604 | |     library: &'static NativeLibrary,
2605 | |     slot: &mut CoordinatorCudaGraphWorkspaceSlot,
2606 | |     signature: CoordinatorCudaGraphSignature,
...    |
2611 | |     label: &'static str,
2612 | | ) -> Result<()> {
     | |_______________^ function `capture_or_update_coord_dense_envelope_bf16_graph` is reachable at visibility `pub(in crate::commands::real_full)`
     |
note: but type `coordinator_kernels::CoordDenseEnvelopeBf16Buffers` is only usable at visibility `pub(self)`
    --> crates/ds41rt-daemon/src/commands/real_full/coordinator_kernels/mod.rs:1953:1
     |
1953 | struct CoordDenseEnvelopeBf16Buffers {
     | ^^^^^^^^^^^^^^^^^^^^^^^^^^^^^^^^^^^^

warning: type `coordinator_kernels::CoordinatorCudaGraphWorkspaceSlot` is more private than the item `capture_or_update_coord_sparse_a_envelope_bf16_graph`
    --> crates/ds41rt-daemon/src/commands/real_full/coordinator_kernels/graphs.rs:2856:1
     |
2856 | / pub(in crate::commands::real_full) fn capture_or_update_coord_sparse_a_envelope_bf16_graph(
2857 | |     library: &'static NativeLibrary,
2858 | |     slot: &mut CoordinatorCudaGraphWorkspaceSlot,
2859 | |     signature: CoordinatorCudaGraphSignature,
...    |
2866 | |     label: &'static str,
2867 | | ) -> Result<()> {
     | |_______________^ function `capture_or_update_coord_sparse_a_envelope_bf16_graph` is reachable at visibility `pub(in crate::commands::real_full)`
     |
note: but type `coordinator_kernels::CoordinatorCudaGraphWorkspaceSlot` is only usable at visibility `pub(self)`
    --> crates/ds41rt-daemon/src/commands/real_full/coordinator_kernels/mod.rs:2131:1
     |
2131 | struct CoordinatorCudaGraphWorkspaceSlot {
     | ^^^^^^^^^^^^^^^^^^^^^^^^^^^^^^^^^^^^^^^^

warning: type `coordinator_kernels::CoordinatorCudaGraphSignature` is more private than the item `capture_or_update_coord_sparse_a_envelope_bf16_graph`
    --> crates/ds41rt-daemon/src/commands/real_full/coordinator_kernels/graphs.rs:2856:1
     |
2856 | / pub(in crate::commands::real_full) fn capture_or_update_coord_sparse_a_envelope_bf16_graph(
2857 | |     library: &'static NativeLibrary,
2858 | |     slot: &mut CoordinatorCudaGraphWorkspaceSlot,
2859 | |     signature: CoordinatorCudaGraphSignature,
...    |
2866 | |     label: &'static str,
2867 | | ) -> Result<()> {
     | |_______________^ function `capture_or_update_coord_sparse_a_envelope_bf16_graph` is reachable at visibility `pub(in crate::commands::real_full)`
     |
note: but type `coordinator_kernels::CoordinatorCudaGraphSignature` is only usable at visibility `pub(self)`
    --> crates/ds41rt-daemon/src/commands/real_full/coordinator_kernels/mod.rs:1376:1
     |
1376 | struct CoordinatorCudaGraphSignature {
     | ^^^^^^^^^^^^^^^^^^^^^^^^^^^^^^^^^^^^

warning: type `coordinator_kernels::CoordSparseAEnvelopeBf16Buffers` is more private than the item `capture_or_update_coord_sparse_a_envelope_bf16_graph`
    --> crates/ds41rt-daemon/src/commands/real_full/coordinator_kernels/graphs.rs:2856:1
     |
2856 | / pub(in crate::commands::real_full) fn capture_or_update_coord_sparse_a_envelope_bf16_graph(
2857 | |     library: &'static NativeLibrary,
2858 | |     slot: &mut CoordinatorCudaGraphWorkspaceSlot,
2859 | |     signature: CoordinatorCudaGraphSignature,
...    |
2866 | |     label: &'static str,
2867 | | ) -> Result<()> {
     | |_______________^ function `capture_or_update_coord_sparse_a_envelope_bf16_graph` is reachable at visibility `pub(in crate::commands::real_full)`
     |
note: but type `coordinator_kernels::CoordSparseAEnvelopeBf16Buffers` is only usable at visibility `pub(self)`
    --> crates/ds41rt-daemon/src/commands/real_full/coordinator_kernels/mod.rs:1984:1
     |
1984 | struct CoordSparseAEnvelopeBf16Buffers {
     | ^^^^^^^^^^^^^^^^^^^^^^^^^^^^^^^^^^^^^^

warning: type `coordinator_kernels::CoordinatorCudaGraphWorkspaceRegistry` is more private than the item `coordinator_cuda_graph_workspace_registry`
    --> crates/ds41rt-daemon/src/commands/real_full/coordinator_kernels/graphs.rs:3131:1
     |
3131 | / pub(in crate::commands::real_full) fn coordinator_cuda_graph_workspace_registry(
3132 | | ) -> Result<&'static CoordinatorCudaGraphWorkspaceRegistry> {
     | |___________________________________________________________^ function `coordinator_cuda_graph_workspace_registry` is reachable at visibility `pub(in crate::commands::real_full)`
     |
note: but type `coordinator_kernels::CoordinatorCudaGraphWorkspaceRegistry` is only usable at visibility `pub(self)`
    --> crates/ds41rt-daemon/src/commands/real_full/coordinator_kernels/mod.rs:2605:1
     |
2605 | struct CoordinatorCudaGraphWorkspaceRegistry {
     | ^^^^^^^^^^^^^^^^^^^^^^^^^^^^^^^^^^^^^^^^^^^^

warning: type `coordinator_kernels::CoordinatorCudaWorkspace` is more private than the item `with_coordinator_cuda_graph_workspace_slot`
    --> crates/ds41rt-daemon/src/commands/real_full/coordinator_kernels/graphs.rs:3147:1
     |
3147 | / pub(in crate::commands::real_full) fn with_coordinator_cuda_graph_workspace_slot<T>(
3148 | |     key: &CoordinatorGraphKey,
3149 | |     action: impl FnOnce(&'static NativeLibrary, *mut c_void, &mut CoordinatorCudaWorkspace) -> Result<T>,
3150 | | ) -> Result<T> {
     | |______________^ function `with_coordinator_cuda_graph_workspace_slot` is reachable at visibility `pub(in crate::commands::real_full)`
     |
note: but type `coordinator_kernels::CoordinatorCudaWorkspace` is only usable at visibility `pub(self)`
    --> crates/ds41rt-daemon/src/commands/real_full/coordinator_kernels/mod.rs:669:1
     |
 669 | struct CoordinatorCudaWorkspace {
     | ^^^^^^^^^^^^^^^^^^^^^^^^^^^^^^^
     = note: `#[warn(private_bounds)]` on by default

warning: type `coordinator_kernels::CoordinatorCudaGraphWorkspaceSlot` is more private than the item `graphs::with_coordinator_cuda_graph_slot`
    --> crates/ds41rt-daemon/src/commands/real_full/coordinator_kernels/graphs.rs:3164:1
     |
3164 | / pub(in crate::commands::real_full) fn with_coordinator_cuda_graph_slot<T>(
3165 | |     key: &CoordinatorGraphKey,
3166 | |     action: impl FnOnce(&'static NativeLibrary, &mut CoordinatorCudaGraphWorkspaceSlot) -> Result<T>,
3167 | | ) -> Result<T> {
     | |______________^ function `graphs::with_coordinator_cuda_graph_slot` is reachable at visibility `pub(in crate::commands::real_full)`
     |
note: but type `coordinator_kernels::CoordinatorCudaGraphWorkspaceSlot` is only usable at visibility `pub(self)`
    --> crates/ds41rt-daemon/src/commands/real_full/coordinator_kernels/mod.rs:2131:1
     |
2131 | struct CoordinatorCudaGraphWorkspaceSlot {
     | ^^^^^^^^^^^^^^^^^^^^^^^^^^^^^^^^^^^^^^^^

warning: type `coordinator_kernels::LinearResidentView` is more private than the item `validate_linear_bf16_preloaded_resident_inputs`
   --> crates/ds41rt-daemon/src/commands/real_full/coordinator_kernels/linear.rs:621:1
    |
621 | / pub(in crate::commands::real_full) fn validate_linear_bf16_preloaded_resident_inputs(
622 | |     input_bf16: &[u8],
623 | |     bias_bf16: Option<&[u8]>,
624 | |     rows: usize,
...   |
627 | |     full_output_dim: usize,
628 | | ) -> Result<LinearResidentView> {
    | |_______________________________^ function `validate_linear_bf16_preloaded_resident_inputs` is reachable at visibility `pub(in crate::commands::real_full)`
    |
note: but type `coordinator_kernels::LinearResidentView` is only usable at visibility `pub(self)`
   --> crates/ds41rt-daemon/src/commands/real_full/coordinator_kernels/mod.rs:491:1
    |
491 | struct LinearResidentView {
    | ^^^^^^^^^^^^^^^^^^^^^^^^^

warning: type `coordinator_kernels::LinearResidentView` is more private than the item `validate_linear_bf16_preloaded_resident_device_input`
   --> crates/ds41rt-daemon/src/commands/real_full/coordinator_kernels/linear.rs:680:1
    |
680 | / pub(in crate::commands::real_full) fn validate_linear_bf16_preloaded_resident_device_input(
681 | |     input_buffer: Ds41rtDeviceBuffer,
682 | |     bias_bf16: Option<&[u8]>,
683 | |     rows: usize,
...   |
686 | |     full_output_dim: usize,
687 | | ) -> Result<LinearResidentView> {
    | |_______________________________^ function `validate_linear_bf16_preloaded_resident_device_input` is reachable at visibility `pub(in crate::commands::real_full)`
    |
note: but type `coordinator_kernels::LinearResidentView` is only usable at visibility `pub(self)`
   --> crates/ds41rt-daemon/src/commands/real_full/coordinator_kernels/mod.rs:491:1
    |
491 | struct LinearResidentView {
    | ^^^^^^^^^^^^^^^^^^^^^^^^^

warning: type `coordinator_kernels::LinearPaddedDeviceInputView` is more private than the item `validate_linear_bf16_preloaded_resident_padded_device_input`
   --> crates/ds41rt-daemon/src/commands/real_full/coordinator_kernels/linear.rs:743:1
    |
743 | / pub(in crate::commands::real_full) fn validate_linear_bf16_preloaded_resident_padded_device_input(
744 | |     input_buffer: Ds41rtDeviceBuffer,
745 | |     bias_bf16: Option<&[u8]>,
746 | |     rows: usize,
...   |
750 | |     full_output_dim: usize,
751 | | ) -> Result<LinearPaddedDeviceInputView> {
    | |________________________________________^ function `validate_linear_bf16_preloaded_resident_padded_device_input` is reachable at visibility `pub(in crate::commands::real_full)`
    |
note: but type `coordinator_kernels::LinearPaddedDeviceInputView` is only usable at visibility `pub(self)`
   --> crates/ds41rt-daemon/src/commands/real_full/coordinator_kernels/mod.rs:498:1
    |
498 | struct LinearPaddedDeviceInputView {
    | ^^^^^^^^^^^^^^^^^^^^^^^^^^^^^^^^^^

warning: type `coordinator_kernels::CoordinatorCudaGraphWorkspaceSlot` is more private than the item `capture_or_update_layer_linear_bf16_graph`
    --> crates/ds41rt-daemon/src/commands/real_full/coordinator_kernels/linear.rs:1144:1
     |
1144 | / pub(in crate::commands::real_full) fn capture_or_update_layer_linear_bf16_graph(
1145 | |     library: &'static NativeLibrary,
1146 | |     slot: &mut CoordinatorCudaGraphWorkspaceSlot,
1147 | |     signature: CoordinatorCudaGraphSignature,
...    |
1155 | |     label: &'static str,
1156 | | ) -> Result<()> {
     | |_______________^ function `capture_or_update_layer_linear_bf16_graph` is reachable at visibility `pub(in crate::commands::real_full)`
     |
note: but type `coordinator_kernels::CoordinatorCudaGraphWorkspaceSlot` is only usable at visibility `pub(self)`
    --> crates/ds41rt-daemon/src/commands/real_full/coordinator_kernels/mod.rs:2131:1
     |
2131 | struct CoordinatorCudaGraphWorkspaceSlot {
     | ^^^^^^^^^^^^^^^^^^^^^^^^^^^^^^^^^^^^^^^^

warning: type `coordinator_kernels::CoordinatorCudaGraphSignature` is more private than the item `capture_or_update_layer_linear_bf16_graph`
    --> crates/ds41rt-daemon/src/commands/real_full/coordinator_kernels/linear.rs:1144:1
     |
1144 | / pub(in crate::commands::real_full) fn capture_or_update_layer_linear_bf16_graph(
1145 | |     library: &'static NativeLibrary,
1146 | |     slot: &mut CoordinatorCudaGraphWorkspaceSlot,
1147 | |     signature: CoordinatorCudaGraphSignature,
...    |
1155 | |     label: &'static str,
1156 | | ) -> Result<()> {
     | |_______________^ function `capture_or_update_layer_linear_bf16_graph` is reachable at visibility `pub(in crate::commands::real_full)`
     |
note: but type `coordinator_kernels::CoordinatorCudaGraphSignature` is only usable at visibility `pub(self)`
    --> crates/ds41rt-daemon/src/commands/real_full/coordinator_kernels/mod.rs:1376:1
     |
1376 | struct CoordinatorCudaGraphSignature {
     | ^^^^^^^^^^^^^^^^^^^^^^^^^^^^^^^^^^^^

warning: type `coordinator_kernels::CoordinatorCudaGraphWorkspaceSlot` is more private than the item `capture_or_update_layer_linear_residual_add_bf16_graph`
    --> crates/ds41rt-daemon/src/commands/real_full/coordinator_kernels/linear.rs:1360:1
     |
1360 | / pub(in crate::commands::real_full) fn capture_or_update_layer_linear_residual_add_bf16_graph(
1361 | |     library: &'static NativeLibrary,
1362 | |     slot: &mut CoordinatorCudaGraphWorkspaceSlot,
1363 | |     signature: CoordinatorCudaGraphSignature,
...    |
1373 | |     label: &'static str,
1374 | | ) -> Result<()> {
     | |_______________^ function `capture_or_update_layer_linear_residual_add_bf16_graph` is reachable at visibility `pub(in crate::commands::real_full)`
     |
note: but type `coordinator_kernels::CoordinatorCudaGraphWorkspaceSlot` is only usable at visibility `pub(self)`
    --> crates/ds41rt-daemon/src/commands/real_full/coordinator_kernels/mod.rs:2131:1
     |
2131 | struct CoordinatorCudaGraphWorkspaceSlot {
     | ^^^^^^^^^^^^^^^^^^^^^^^^^^^^^^^^^^^^^^^^

warning: type `coordinator_kernels::CoordinatorCudaGraphSignature` is more private than the item `capture_or_update_layer_linear_residual_add_bf16_graph`
    --> crates/ds41rt-daemon/src/commands/real_full/coordinator_kernels/linear.rs:1360:1
     |
1360 | / pub(in crate::commands::real_full) fn capture_or_update_layer_linear_residual_add_bf16_graph(
1361 | |     library: &'static NativeLibrary,
1362 | |     slot: &mut CoordinatorCudaGraphWorkspaceSlot,
1363 | |     signature: CoordinatorCudaGraphSignature,
...    |
1373 | |     label: &'static str,
1374 | | ) -> Result<()> {
     | |_______________^ function `capture_or_update_layer_linear_residual_add_bf16_graph` is reachable at visibility `pub(in crate::commands::real_full)`
     |
note: but type `coordinator_kernels::CoordinatorCudaGraphSignature` is only usable at visibility `pub(self)`
    --> crates/ds41rt-daemon/src/commands/real_full/coordinator_kernels/mod.rs:1376:1
     |
1376 | struct CoordinatorCudaGraphSignature {
     | ^^^^^^^^^^^^^^^^^^^^^^^^^^^^^^^^^^^^

warning: type `coordinator_kernels::CoordinatorCudaGraphSignature` is more private than the item `linear_graph_signature`
    --> crates/ds41rt-daemon/src/commands/real_full/coordinator_kernels/linear.rs:1679:1
     |
1679 | / pub(in crate::commands::real_full) fn linear_graph_signature(
1680 | |     graph_key: &CoordinatorGraphKey,
1681 | |     input_dim: usize,
1682 | |     output_dim: usize,
1683 | |     has_bias: bool,
1684 | | ) -> CoordinatorCudaGraphSignature {
     | |__________________________________^ function `linear_graph_signature` is reachable at visibility `pub(in crate::commands::real_full)`
     |
note: but type `coordinator_kernels::CoordinatorCudaGraphSignature` is only usable at visibility `pub(self)`
    --> crates/ds41rt-daemon/src/commands/real_full/coordinator_kernels/mod.rs:1376:1
     |
1376 | struct CoordinatorCudaGraphSignature {
     | ^^^^^^^^^^^^^^^^^^^^^^^^^^^^^^^^^^^^

warning: type `coordinator_kernels::LinearPaddedDeviceInputView` is more private than the item `padded_linear_graph_padded_input_bytes`
    --> crates/ds41rt-daemon/src/commands/real_full/coordinator_kernels/linear.rs:1693:1
     |
1693 | / pub(in crate::commands::real_full) fn padded_linear_graph_padded_input_bytes(
1694 | |     graph_key: &CoordinatorGraphKey,
1695 | |     view: LinearPaddedDeviceInputView,
1696 | |     context: &str,
1697 | | ) -> Result<usize> {
     | |__________________^ function `padded_linear_graph_padded_input_bytes` is reachable at visibility `pub(in crate::commands::real_full)`
     |
note: but type `coordinator_kernels::LinearPaddedDeviceInputView` is only usable at visibility `pub(self)`
    --> crates/ds41rt-daemon/src/commands/real_full/coordinator_kernels/mod.rs:498:1
     |
 498 | struct LinearPaddedDeviceInputView {
     | ^^^^^^^^^^^^^^^^^^^^^^^^^^^^^^^^^^

warning: type `coordinator_kernels::CoordinatorCudaGraphSignature` is more private than the item `padded_linear_graph_signature`
    --> crates/ds41rt-daemon/src/commands/real_full/coordinator_kernels/linear.rs:1718:1
     |
1718 | / pub(in crate::commands::real_full) fn padded_linear_graph_signature(
1719 | |     graph_key: &CoordinatorGraphKey,
1720 | |     active_input_dim: usize,
1721 | |     full_input_dim: usize,
1722 | |     output_dim: usize,
1723 | |     has_bias: bool,
1724 | | ) -> CoordinatorCudaGraphSignature {
     | |__________________________________^ function `padded_linear_graph_signature` is reachable at visibility `pub(in crate::commands::real_full)`
     |
note: but type `coordinator_kernels::CoordinatorCudaGraphSignature` is only usable at visibility `pub(self)`
    --> crates/ds41rt-daemon/src/commands/real_full/coordinator_kernels/mod.rs:1376:1
     |
1376 | struct CoordinatorCudaGraphSignature {
     | ^^^^^^^^^^^^^^^^^^^^^^^^^^^^^^^^^^^^

warning: type `coordinator_kernels::CoordinatorCudaGraphSignature` is more private than the item `padded_linear_residual_graph_signature`
    --> crates/ds41rt-daemon/src/commands/real_full/coordinator_kernels/linear.rs:1734:1
     |
1734 | / pub(in crate::commands::real_full) fn padded_linear_residual_graph_signature(
1735 | |     graph_key: &CoordinatorGraphKey,
1736 | |     active_input_dim: usize,
1737 | |     full_input_dim: usize,
1738 | |     output_dim: usize,
1739 | |     has_bias: bool,
1740 | | ) -> CoordinatorCudaGraphSignature {
     | |__________________________________^ function `padded_linear_residual_graph_signature` is reachable at visibility `pub(in crate::commands::real_full)`
     |
note: but type `coordinator_kernels::CoordinatorCudaGraphSignature` is only usable at visibility `pub(self)`
    --> crates/ds41rt-daemon/src/commands/real_full/coordinator_kernels/mod.rs:1376:1
     |
1376 | struct CoordinatorCudaGraphSignature {
     | ^^^^^^^^^^^^^^^^^^^^^^^^^^^^^^^^^^^^

warning: type `coordinator_kernels::CoordinatorCudaGraphWorkspaceSlot` is more private than the item `capture_or_update_layer_padded_linear_bf16_graph`
    --> crates/ds41rt-daemon/src/commands/real_full/coordinator_kernels/linear.rs:1751:1
     |
1751 | / pub(in crate::commands::real_full) fn capture_or_update_layer_padded_linear_bf16_graph(
1752 | |     library: &'static NativeLibrary,
1753 | |     slot: &mut CoordinatorCudaGraphWorkspaceSlot,
1754 | |     signature: CoordinatorCudaGraphSignature,
...    |
1765 | |     label: &'static str,
1766 | | ) -> Result<()> {
     | |_______________^ function `capture_or_update_layer_padded_linear_bf16_graph` is reachable at visibility `pub(in crate::commands::real_full)`
     |
note: but type `coordinator_kernels::CoordinatorCudaGraphWorkspaceSlot` is only usable at visibility `pub(self)`
    --> crates/ds41rt-daemon/src/commands/real_full/coordinator_kernels/mod.rs:2131:1
     |
2131 | struct CoordinatorCudaGraphWorkspaceSlot {
     | ^^^^^^^^^^^^^^^^^^^^^^^^^^^^^^^^^^^^^^^^

warning: type `coordinator_kernels::CoordinatorCudaGraphSignature` is more private than the item `capture_or_update_layer_padded_linear_bf16_graph`
    --> crates/ds41rt-daemon/src/commands/real_full/coordinator_kernels/linear.rs:1751:1
     |
1751 | / pub(in crate::commands::real_full) fn capture_or_update_layer_padded_linear_bf16_graph(
1752 | |     library: &'static NativeLibrary,
1753 | |     slot: &mut CoordinatorCudaGraphWorkspaceSlot,
1754 | |     signature: CoordinatorCudaGraphSignature,
...    |
1765 | |     label: &'static str,
1766 | | ) -> Result<()> {
     | |_______________^ function `capture_or_update_layer_padded_linear_bf16_graph` is reachable at visibility `pub(in crate::commands::real_full)`
     |
note: but type `coordinator_kernels::CoordinatorCudaGraphSignature` is only usable at visibility `pub(self)`
    --> crates/ds41rt-daemon/src/commands/real_full/coordinator_kernels/mod.rs:1376:1
     |
1376 | struct CoordinatorCudaGraphSignature {
     | ^^^^^^^^^^^^^^^^^^^^^^^^^^^^^^^^^^^^

warning: type `coordinator_kernels::LinearPaddedDeviceInputView` is more private than the item `capture_or_update_layer_padded_linear_bf16_graph`
    --> crates/ds41rt-daemon/src/commands/real_full/coordinator_kernels/linear.rs:1751:1
     |
1751 | / pub(in crate::commands::real_full) fn capture_or_update_layer_padded_linear_bf16_graph(
1752 | |     library: &'static NativeLibrary,
1753 | |     slot: &mut CoordinatorCudaGraphWorkspaceSlot,
1754 | |     signature: CoordinatorCudaGraphSignature,
...    |
1765 | |     label: &'static str,
1766 | | ) -> Result<()> {
     | |_______________^ function `capture_or_update_layer_padded_linear_bf16_graph` is reachable at visibility `pub(in crate::commands::real_full)`
     |
note: but type `coordinator_kernels::LinearPaddedDeviceInputView` is only usable at visibility `pub(self)`
    --> crates/ds41rt-daemon/src/commands/real_full/coordinator_kernels/mod.rs:498:1
     |
 498 | struct LinearPaddedDeviceInputView {
     | ^^^^^^^^^^^^^^^^^^^^^^^^^^^^^^^^^^

warning: type `coordinator_kernels::CoordinatorCudaGraphWorkspaceSlot` is more private than the item `capture_or_update_layer_padded_linear_residual_add_bf16_graph`
    --> crates/ds41rt-daemon/src/commands/real_full/coordinator_kernels/linear.rs:1863:1
     |
1863 | / pub(in crate::commands::real_full) fn capture_or_update_layer_padded_linear_residual_add_bf16_graph(
1864 | |     library: &'static NativeLibrary,
1865 | |     slot: &mut CoordinatorCudaGraphWorkspaceSlot,
1866 | |     signature: CoordinatorCudaGraphSignature,
...    |
1879 | |     label: &'static str,
1880 | | ) -> Result<()> {
     | |_______________^ function `capture_or_update_layer_padded_linear_residual_add_bf16_graph` is reachable at visibility `pub(in crate::commands::real_full)`
     |
note: but type `coordinator_kernels::CoordinatorCudaGraphWorkspaceSlot` is only usable at visibility `pub(self)`
    --> crates/ds41rt-daemon/src/commands/real_full/coordinator_kernels/mod.rs:2131:1
     |
2131 | struct CoordinatorCudaGraphWorkspaceSlot {
     | ^^^^^^^^^^^^^^^^^^^^^^^^^^^^^^^^^^^^^^^^

warning: type `coordinator_kernels::CoordinatorCudaGraphSignature` is more private than the item `capture_or_update_layer_padded_linear_residual_add_bf16_graph`
    --> crates/ds41rt-daemon/src/commands/real_full/coordinator_kernels/linear.rs:1863:1
     |
1863 | / pub(in crate::commands::real_full) fn capture_or_update_layer_padded_linear_residual_add_bf16_graph(
1864 | |     library: &'static NativeLibrary,
1865 | |     slot: &mut CoordinatorCudaGraphWorkspaceSlot,
1866 | |     signature: CoordinatorCudaGraphSignature,
...    |
1879 | |     label: &'static str,
1880 | | ) -> Result<()> {
     | |_______________^ function `capture_or_update_layer_padded_linear_residual_add_bf16_graph` is reachable at visibility `pub(in crate::commands::real_full)`
     |
note: but type `coordinator_kernels::CoordinatorCudaGraphSignature` is only usable at visibility `pub(self)`
    --> crates/ds41rt-daemon/src/commands/real_full/coordinator_kernels/mod.rs:1376:1
     |
1376 | struct CoordinatorCudaGraphSignature {
     | ^^^^^^^^^^^^^^^^^^^^^^^^^^^^^^^^^^^^

warning: type `coordinator_kernels::LinearPaddedDeviceInputView` is more private than the item `capture_or_update_layer_padded_linear_residual_add_bf16_graph`
    --> crates/ds41rt-daemon/src/commands/real_full/coordinator_kernels/linear.rs:1863:1
     |
1863 | / pub(in crate::commands::real_full) fn capture_or_update_layer_padded_linear_residual_add_bf16_graph(
1864 | |     library: &'static NativeLibrary,
1865 | |     slot: &mut CoordinatorCudaGraphWorkspaceSlot,
1866 | |     signature: CoordinatorCudaGraphSignature,
...    |
1879 | |     label: &'static str,
1880 | | ) -> Result<()> {
     | |_______________^ function `capture_or_update_layer_padded_linear_residual_add_bf16_graph` is reachable at visibility `pub(in crate::commands::real_full)`
     |
note: but type `coordinator_kernels::LinearPaddedDeviceInputView` is only usable at visibility `pub(self)`
    --> crates/ds41rt-daemon/src/commands/real_full/coordinator_kernels/mod.rs:498:1
     |
 498 | struct LinearPaddedDeviceInputView {
     | ^^^^^^^^^^^^^^^^^^^^^^^^^^^^^^^^^^

warning: type `coordinator_kernels::LinearResidentView` is more private than the item `cuda_linear_rows_bf16_preloaded_resident_weight`
    --> crates/ds41rt-daemon/src/commands/real_full/coordinator_kernels/linear.rs:2269:1
     |
2269 | / pub(in crate::commands::real_full) fn cuda_linear_rows_bf16_preloaded_resident_weight(
2270 | |     weight_name: &str,
2271 | |     input_bf16: &[u8],
2272 | |     bias_bf16: Option<&[u8]>,
...    |
2276 | |     view: LinearResidentView,
2277 | | ) -> Result<LinearOutput> {
     | |_________________________^ function `cuda_linear_rows_bf16_preloaded_resident_weight` is reachable at visibility `pub(in crate::commands::real_full)`
     |
note: but type `coordinator_kernels::LinearResidentView` is only usable at visibility `pub(self)`
    --> crates/ds41rt-daemon/src/commands/real_full/coordinator_kernels/mod.rs:491:1
     |
 491 | struct LinearResidentView {
     | ^^^^^^^^^^^^^^^^^^^^^^^^^

warning: type `coordinator_kernels::LinearResidentView` is more private than the item `cuda_linear_rows_bf16_preloaded_resident_weight_device_input`
    --> crates/ds41rt-daemon/src/commands/real_full/coordinator_kernels/linear.rs:2303:1
     |
2303 | / pub(in crate::commands::real_full) fn cuda_linear_rows_bf16_preloaded_resident_weight_device_input(
2304 | |     weight_name: &str,
2305 | |     input_buffer: Ds41rtDeviceBuffer,
2306 | |     bias_bf16: Option<&[u8]>,
...    |
2310 | |     view: LinearResidentView,
2311 | | ) -> Result<LinearOutput> {
     | |_________________________^ function `cuda_linear_rows_bf16_preloaded_resident_weight_device_input` is reachable at visibility `pub(in crate::commands::real_full)`
     |
note: but type `coordinator_kernels::LinearResidentView` is only usable at visibility `pub(self)`
    --> crates/ds41rt-daemon/src/commands/real_full/coordinator_kernels/mod.rs:491:1
     |
 491 | struct LinearResidentView {
     | ^^^^^^^^^^^^^^^^^^^^^^^^^

warning: type `coordinator_kernels::LinearResidentView` is more private than the item `cuda_linear_rows_bf16_preloaded_resident_weight_device_output`
    --> crates/ds41rt-daemon/src/commands/real_full/coordinator_kernels/linear.rs:2337:1
     |
2337 | / pub(in crate::commands::real_full) fn cuda_linear_rows_bf16_preloaded_resident_weight_device_output(
2338 | |     weight_name: &str,
2339 | |     input_buffer: Ds41rtDeviceBuffer,
2340 | |     bias_bf16: Option<&[u8]>,
...    |
2344 | |     view: LinearResidentView,
2345 | | ) -> Result<DeviceBf16Output> {
     | |_____________________________^ function `cuda_linear_rows_bf16_preloaded_resident_weight_device_output` is reachable at visibility `pub(in crate::commands::real_full)`
     |
note: but type `coordinator_kernels::LinearResidentView` is only usable at visibility `pub(self)`
    --> crates/ds41rt-daemon/src/commands/real_full/coordinator_kernels/mod.rs:491:1
     |
 491 | struct LinearResidentView {
     | ^^^^^^^^^^^^^^^^^^^^^^^^^

warning: type `coordinator_kernels::LinearPaddedDeviceInputView` is more private than the item `cuda_linear_rows_bf16_preloaded_resident_weight_padded_device_input`
    --> crates/ds41rt-daemon/src/commands/real_full/coordinator_kernels/linear.rs:2371:1
     |
2371 | / pub(in crate::commands::real_full) fn cuda_linear_rows_bf16_preloaded_resident_weight_padded_device_input(
2372 | |     weight_name: &str,
2373 | |     input_buffer: Ds41rtDeviceBuffer,
2374 | |     bias_bf16: Option<&[u8]>,
...    |
2378 | |     view: LinearPaddedDeviceInputView,
2379 | | ) -> Result<LinearOutput> {
     | |_________________________^ function `cuda_linear_rows_bf16_preloaded_resident_weight_padded_device_input` is reachable at visibility `pub(in crate::commands::real_full)`
     |
note: but type `coordinator_kernels::LinearPaddedDeviceInputView` is only usable at visibility `pub(self)`
    --> crates/ds41rt-daemon/src/commands/real_full/coordinator_kernels/mod.rs:498:1
     |
 498 | struct LinearPaddedDeviceInputView {
     | ^^^^^^^^^^^^^^^^^^^^^^^^^^^^^^^^^^

warning: type `coordinator_kernels::LinearResidentView` is more private than the item `cuda_linear_residual_add_rows_bf16_preloaded_resident_weight_device_input`
    --> crates/ds41rt-daemon/src/commands/real_full/coordinator_kernels/linear.rs:2405:1
     |
2405 | / pub(in crate::commands::real_full) fn cuda_linear_residual_add_rows_bf16_preloaded_resident_weight_device_input(
2406 | |     weight_name: &str,
2407 | |     input_buffer: Ds41rtDeviceBuffer,
2408 | |     bias_bf16: Option<&[u8]>,
...    |
2413 | |     view: LinearResidentView,
2414 | | ) -> Result<LinearResidualAddOutput> {
     | |____________________________________^ function `cuda_linear_residual_add_rows_bf16_preloaded_resident_weight_device_input` is reachable at visibility `pub(in crate::commands::real_full)`
     |
note: but type `coordinator_kernels::LinearResidentView` is only usable at visibility `pub(self)`
    --> crates/ds41rt-daemon/src/commands/real_full/coordinator_kernels/mod.rs:491:1
     |
 491 | struct LinearResidentView {
     | ^^^^^^^^^^^^^^^^^^^^^^^^^

warning: type `coordinator_kernels::LinearPaddedDeviceInputView` is more private than the item `cuda_linear_residual_add_rows_bf16_preloaded_resident_weight_padded_device_input`
    --> crates/ds41rt-daemon/src/commands/real_full/coordinator_kernels/linear.rs:2442:1
     |
2442 | / pub(in crate::commands::real_full) fn cuda_linear_residual_add_rows_bf16_preloaded_resident_weight_padded_device_input(
2443 | |     weight_name: &str,
2444 | |     input_buffer: Ds41rtDeviceBuffer,
2445 | |     bias_bf16: Option<&[u8]>,
...    |
2450 | |     view: LinearPaddedDeviceInputView,
2451 | | ) -> Result<LinearResidualAddOutput> {
     | |____________________________________^ function `cuda_linear_residual_add_rows_bf16_preloaded_resident_weight_padded_device_input` is reachable at visibility `pub(in crate::commands::real_full)`
     |
note: but type `coordinator_kernels::LinearPaddedDeviceInputView` is only usable at visibility `pub(self)`
    --> crates/ds41rt-daemon/src/commands/real_full/coordinator_kernels/mod.rs:498:1
     |
 498 | struct LinearPaddedDeviceInputView {
     | ^^^^^^^^^^^^^^^^^^^^^^^^^^^^^^^^^^

warning: type `coordinator_kernels::LinearResidentView` is more private than the item `cuda_linear_residual_add_rows_bf16_preloaded_resident_weight_device_input_device_output`
    --> crates/ds41rt-daemon/src/commands/real_full/coordinator_kernels/linear.rs:2478:1
     |
2478 | / pub(in crate::commands::real_full) fn cuda_linear_residual_add_rows_bf16_preloaded_resident_weight_device_input_device_output(
2479 | |     weight_name: &str,
2480 | |     input_buffer: Ds41rtDeviceBuffer,
2481 | |     bias_bf16: Option<&[u8]>,
...    |
2486 | |     view: LinearResidentView,
2487 | | ) -> Result<LinearResidualAddDeviceOutput> {
     | |__________________________________________^ function `cuda_linear_residual_add_rows_bf16_preloaded_resident_weight_device_input_device_output` is reachable at visibility `pub(in crate::commands::real_full)`
     |
note: but type `coordinator_kernels::LinearResidentView` is only usable at visibility `pub(self)`
    --> crates/ds41rt-daemon/src/commands/real_full/coordinator_kernels/mod.rs:491:1
     |
 491 | struct LinearResidentView {
     | ^^^^^^^^^^^^^^^^^^^^^^^^^

warning: type `coordinator_kernels::LinearPaddedDeviceInputView` is more private than the item `cuda_linear_residual_add_rows_bf16_preloaded_resident_weight_padded_device_input_device_output`
    --> crates/ds41rt-daemon/src/commands/real_full/coordinator_kernels/linear.rs:2514:1
     |
2514 | / pub(in crate::commands::real_full) fn cuda_linear_residual_add_rows_bf16_preloaded_resident_weight_padded_device_input_device_ou...
2515 | |     weight_name: &str,
2516 | |     input_buffer: Ds41rtDeviceBuffer,
2517 | |     bias_bf16: Option<&[u8]>,
...    |
2522 | |     view: LinearPaddedDeviceInputView,
2523 | | ) -> Result<LinearResidualAddDeviceOutput> {
     | |__________________________________________^ function `cuda_linear_residual_add_rows_bf16_preloaded_resident_weight_padded_device_input_device_output` is reachable at visibility `pub(in crate::commands::real_full)`
     |
note: but type `coordinator_kernels::LinearPaddedDeviceInputView` is only usable at visibility `pub(self)`
    --> crates/ds41rt-daemon/src/commands/real_full/coordinator_kernels/mod.rs:498:1
     |
 498 | struct LinearPaddedDeviceInputView {
     | ^^^^^^^^^^^^^^^^^^^^^^^^^^^^^^^^^^

warning: type `coordinator_kernels::LinearResidentView` is more private than the item `cuda_linear_rows_bf16_preloaded_resident_weight_graph_slot`
    --> crates/ds41rt-daemon/src/commands/real_full/coordinator_kernels/linear.rs:2550:1
     |
2550 | / pub(in crate::commands::real_full) fn cuda_linear_rows_bf16_preloaded_resident_weight_graph_slot(
2551 | |     graph_key: &CoordinatorGraphKey,
2552 | |     weight_name: &str,
2553 | |     input_bf16: &[u8],
...    |
2558 | |     view: LinearResidentView,
2559 | | ) -> Result<LinearOutput> {
     | |_________________________^ function `cuda_linear_rows_bf16_preloaded_resident_weight_graph_slot` is reachable at visibility `pub(in crate::commands::real_full)`
     |
note: but type `coordinator_kernels::LinearResidentView` is only usable at visibility `pub(self)`
    --> crates/ds41rt-daemon/src/commands/real_full/coordinator_kernels/mod.rs:491:1
     |
 491 | struct LinearResidentView {
     | ^^^^^^^^^^^^^^^^^^^^^^^^^

warning: type `coordinator_kernels::LinearPaddedDeviceInputView` is more private than the item `cuda_linear_rows_bf16_preloaded_resident_weight_padded_device_input_graph_slot`
    --> crates/ds41rt-daemon/src/commands/real_full/coordinator_kernels/linear.rs:2658:1
     |
2658 | / pub(in crate::commands::real_full) fn cuda_linear_rows_bf16_preloaded_resident_weight_padded_device_input_graph_slot(
2659 | |     graph_key: &CoordinatorGraphKey,
2660 | |     weight_name: &str,
2661 | |     input_buffer: Ds41rtDeviceBuffer,
...    |
2666 | |     view: LinearPaddedDeviceInputView,
2667 | | ) -> Result<LinearOutput> {
     | |_________________________^ function `cuda_linear_rows_bf16_preloaded_resident_weight_padded_device_input_graph_slot` is reachable at visibility `pub(in crate::commands::real_full)`
     |
note: but type `coordinator_kernels::LinearPaddedDeviceInputView` is only usable at visibility `pub(self)`
    --> crates/ds41rt-daemon/src/commands/real_full/coordinator_kernels/mod.rs:498:1
     |
 498 | struct LinearPaddedDeviceInputView {
     | ^^^^^^^^^^^^^^^^^^^^^^^^^^^^^^^^^^

warning: type `coordinator_kernels::LinearResidentView` is more private than the item `cuda_linear_rows_bf16_preloaded_resident_weight_device_input_graph_slot`
    --> crates/ds41rt-daemon/src/commands/real_full/coordinator_kernels/linear.rs:2783:1
     |
2783 | / pub(in crate::commands::real_full) fn cuda_linear_rows_bf16_preloaded_resident_weight_device_input_graph_slot(
2784 | |     graph_key: &CoordinatorGraphKey,
2785 | |     weight_name: &str,
2786 | |     input_buffer: Ds41rtDeviceBuffer,
...    |
2791 | |     view: LinearResidentView,
2792 | | ) -> Result<LinearOutput> {
     | |_________________________^ function `cuda_linear_rows_bf16_preloaded_resident_weight_device_input_graph_slot` is reachable at visibility `pub(in crate::commands::real_full)`
     |
note: but type `coordinator_kernels::LinearResidentView` is only usable at visibility `pub(self)`
    --> crates/ds41rt-daemon/src/commands/real_full/coordinator_kernels/mod.rs:491:1
     |
 491 | struct LinearResidentView {
     | ^^^^^^^^^^^^^^^^^^^^^^^^^

warning: type `coordinator_kernels::LinearResidentView` is more private than the item `cuda_linear_rows_bf16_preloaded_resident_weight_device_output_graph_slot`
    --> crates/ds41rt-daemon/src/commands/real_full/coordinator_kernels/linear.rs:2884:1
     |
2884 | / pub(in crate::commands::real_full) fn cuda_linear_rows_bf16_preloaded_resident_weight_device_output_graph_slot(
2885 | |     graph_key: &CoordinatorGraphKey,
2886 | |     weight_name: &str,
2887 | |     input_buffer: Ds41rtDeviceBuffer,
...    |
2892 | |     view: LinearResidentView,
2893 | | ) -> Result<DeviceBf16Output> {
     | |_____________________________^ function `cuda_linear_rows_bf16_preloaded_resident_weight_device_output_graph_slot` is reachable at visibility `pub(in crate::commands::real_full)`
     |
note: but type `coordinator_kernels::LinearResidentView` is only usable at visibility `pub(self)`
    --> crates/ds41rt-daemon/src/commands/real_full/coordinator_kernels/mod.rs:491:1
     |
 491 | struct LinearResidentView {
     | ^^^^^^^^^^^^^^^^^^^^^^^^^

warning: type `coordinator_kernels::LinearResidentView` is more private than the item `cuda_linear_residual_add_rows_bf16_preloaded_resident_weight_device_input_graph_slot`
    --> crates/ds41rt-daemon/src/commands/real_full/coordinator_kernels/linear.rs:2976:1
     |
2976 | / pub(in crate::commands::real_full) fn cuda_linear_residual_add_rows_bf16_preloaded_resident_weight_device_input_graph_slot(
2977 | |     graph_key: &CoordinatorGraphKey,
2978 | |     weight_name: &str,
2979 | |     input_buffer: Ds41rtDeviceBuffer,
...    |
2985 | |     view: LinearResidentView,
2986 | | ) -> Result<LinearResidualAddOutput> {
     | |____________________________________^ function `cuda_linear_residual_add_rows_bf16_preloaded_resident_weight_device_input_graph_slot` is reachable at visibility `pub(in crate::commands::real_full)`
     |
note: but type `coordinator_kernels::LinearResidentView` is only usable at visibility `pub(self)`
    --> crates/ds41rt-daemon/src/commands/real_full/coordinator_kernels/mod.rs:491:1
     |
 491 | struct LinearResidentView {
     | ^^^^^^^^^^^^^^^^^^^^^^^^^

warning: type `coordinator_kernels::LinearResidentView` is more private than the item `cuda_linear_residual_add_rows_bf16_preloaded_resident_weight_device_input_device_output_graph_slot`
    --> crates/ds41rt-daemon/src/commands/real_full/coordinator_kernels/linear.rs:3111:1
     |
3111 | / pub(in crate::commands::real_full) fn cuda_linear_residual_add_rows_bf16_preloaded_resident_weight_device_input_device_output_gr...
3112 | |     graph_key: &CoordinatorGraphKey,
3113 | |     weight_name: &str,
3114 | |     input_buffer: Ds41rtDeviceBuffer,
...    |
3120 | |     view: LinearResidentView,
3121 | | ) -> Result<LinearResidualAddDeviceOutput> {
     | |__________________________________________^ function `cuda_linear_residual_add_rows_bf16_preloaded_resident_weight_device_input_device_output_graph_slot` is reachable at visibility `pub(in crate::commands::real_full)`
     |
note: but type `coordinator_kernels::LinearResidentView` is only usable at visibility `pub(self)`
    --> crates/ds41rt-daemon/src/commands/real_full/coordinator_kernels/mod.rs:491:1
     |
 491 | struct LinearResidentView {
     | ^^^^^^^^^^^^^^^^^^^^^^^^^

warning: type `coordinator_kernels::LinearPaddedDeviceInputView` is more private than the item `cuda_linear_residual_add_rows_bf16_preloaded_resident_weight_padded_device_input_graph_slot`
    --> crates/ds41rt-daemon/src/commands/real_full/coordinator_kernels/linear.rs:3257:1
     |
3257 | / pub(in crate::commands::real_full) fn cuda_linear_residual_add_rows_bf16_preloaded_resident_weight_padded_device_input_graph_slot(
3258 | |     graph_key: &CoordinatorGraphKey,
3259 | |     weight_name: &str,
3260 | |     input_buffer: Ds41rtDeviceBuffer,
...    |
3266 | |     view: LinearPaddedDeviceInputView,
3267 | | ) -> Result<LinearResidualAddOutput> {
     | |____________________________________^ function `cuda_linear_residual_add_rows_bf16_preloaded_resident_weight_padded_device_input_graph_slot` is reachable at visibility `pub(in crate::commands::real_full)`
     |
note: but type `coordinator_kernels::LinearPaddedDeviceInputView` is only usable at visibility `pub(self)`
    --> crates/ds41rt-daemon/src/commands/real_full/coordinator_kernels/mod.rs:498:1
     |
 498 | struct LinearPaddedDeviceInputView {
     | ^^^^^^^^^^^^^^^^^^^^^^^^^^^^^^^^^^

warning: type `coordinator_kernels::LinearPaddedDeviceInputView` is more private than the item `cuda_linear_residual_add_rows_bf16_preloaded_resident_weight_padded_device_input_device_output_graph_slot`
    --> crates/ds41rt-daemon/src/commands/real_full/coordinator_kernels/linear.rs:3417:1
     |
3417 | / pub(in crate::commands::real_full) fn cuda_linear_residual_add_rows_bf16_preloaded_resident_weight_padded_device_input_device_ou...
3418 | |     graph_key: &CoordinatorGraphKey,
3419 | |     weight_name: &str,
3420 | |     input_buffer: Ds41rtDeviceBuffer,
...    |
3426 | |     view: LinearPaddedDeviceInputView,
3427 | | ) -> Result<LinearResidualAddDeviceOutput> {
     | |__________________________________________^ function `cuda_linear_residual_add_rows_bf16_preloaded_resident_weight_padded_device_input_device_output_graph_slot` is reachable at visibility `pub(in crate::commands::real_full)`
     |
note: but type `coordinator_kernels::LinearPaddedDeviceInputView` is only usable at visibility `pub(self)`
    --> crates/ds41rt-daemon/src/commands/real_full/coordinator_kernels/mod.rs:498:1
     |
 498 | struct LinearPaddedDeviceInputView {
     | ^^^^^^^^^^^^^^^^^^^^^^^^^^^^^^^^^^

warning: type `coordinator_kernels::LinearResidentView` is more private than the item `cuda_linear_rows_bf16_preloaded_resident_weight_legacy`
    --> crates/ds41rt-daemon/src/commands/real_full/coordinator_kernels/linear.rs:3637:1
     |
3637 | / pub(in crate::commands::real_full) fn cuda_linear_rows_bf16_preloaded_resident_weight_legacy(
3638 | |     weight_name: &str,
3639 | |     input_bf16: &[u8],
3640 | |     bias_bf16: Option<&[u8]>,
...    |
3644 | |     view: LinearResidentView,
3645 | | ) -> Result<LinearOutput> {
     | |_________________________^ function `cuda_linear_rows_bf16_preloaded_resident_weight_legacy` is reachable at visibility `pub(in crate::commands::real_full)`
     |
note: but type `coordinator_kernels::LinearResidentView` is only usable at visibility `pub(self)`
    --> crates/ds41rt-daemon/src/commands/real_full/coordinator_kernels/mod.rs:491:1
     |
 491 | struct LinearResidentView {
     | ^^^^^^^^^^^^^^^^^^^^^^^^^

warning: type `coordinator_kernels::LinearPaddedDeviceInputView` is more private than the item `cuda_linear_rows_bf16_preloaded_resident_weight_padded_device_input_legacy`
    --> crates/ds41rt-daemon/src/commands/real_full/coordinator_kernels/linear.rs:3722:1
     |
3722 | / pub(in crate::commands::real_full) fn cuda_linear_rows_bf16_preloaded_resident_weight_padded_device_input_legacy(
3723 | |     weight_name: &str,
3724 | |     input_buffer: Ds41rtDeviceBuffer,
3725 | |     bias_bf16: Option<&[u8]>,
...    |
3729 | |     view: LinearPaddedDeviceInputView,
3730 | | ) -> Result<LinearOutput> {
     | |_________________________^ function `cuda_linear_rows_bf16_preloaded_resident_weight_padded_device_input_legacy` is reachable at visibility `pub(in crate::commands::real_full)`
     |
note: but type `coordinator_kernels::LinearPaddedDeviceInputView` is only usable at visibility `pub(self)`
    --> crates/ds41rt-daemon/src/commands/real_full/coordinator_kernels/mod.rs:498:1
     |
 498 | struct LinearPaddedDeviceInputView {
     | ^^^^^^^^^^^^^^^^^^^^^^^^^^^^^^^^^^

warning: type `coordinator_kernels::LinearResidentView` is more private than the item `cuda_linear_rows_bf16_preloaded_resident_weight_device_input_legacy`
    --> crates/ds41rt-daemon/src/commands/real_full/coordinator_kernels/linear.rs:3828:1
     |
3828 | / pub(in crate::commands::real_full) fn cuda_linear_rows_bf16_preloaded_resident_weight_device_input_legacy(
3829 | |     weight_name: &str,
3830 | |     input_buffer: Ds41rtDeviceBuffer,
3831 | |     bias_bf16: Option<&[u8]>,
...    |
3835 | |     view: LinearResidentView,
3836 | | ) -> Result<LinearOutput> {
     | |_________________________^ function `cuda_linear_rows_bf16_preloaded_resident_weight_device_input_legacy` is reachable at visibility `pub(in crate::commands::real_full)`
     |
note: but type `coordinator_kernels::LinearResidentView` is only usable at visibility `pub(self)`
    --> crates/ds41rt-daemon/src/commands/real_full/coordinator_kernels/mod.rs:491:1
     |
 491 | struct LinearResidentView {
     | ^^^^^^^^^^^^^^^^^^^^^^^^^

warning: type `coordinator_kernels::LinearResidentView` is more private than the item `cuda_linear_rows_bf16_preloaded_resident_weight_device_output_legacy`
    --> crates/ds41rt-daemon/src/commands/real_full/coordinator_kernels/linear.rs:3906:1
     |
3906 | / pub(in crate::commands::real_full) fn cuda_linear_rows_bf16_preloaded_resident_weight_device_output_legacy(
3907 | |     weight_name: &str,
3908 | |     input_buffer: Ds41rtDeviceBuffer,
3909 | |     bias_bf16: Option<&[u8]>,
...    |
3913 | |     view: LinearResidentView,
3914 | | ) -> Result<DeviceBf16Output> {
     | |_____________________________^ function `cuda_linear_rows_bf16_preloaded_resident_weight_device_output_legacy` is reachable at visibility `pub(in crate::commands::real_full)`
     |
note: but type `coordinator_kernels::LinearResidentView` is only usable at visibility `pub(self)`
    --> crates/ds41rt-daemon/src/commands/real_full/coordinator_kernels/mod.rs:491:1
     |
 491 | struct LinearResidentView {
     | ^^^^^^^^^^^^^^^^^^^^^^^^^

warning: type `coordinator_kernels::LinearResidentView` is more private than the item `cuda_linear_residual_add_rows_bf16_preloaded_resident_weight_device_input_device_output_legacy`
    --> crates/ds41rt-daemon/src/commands/real_full/coordinator_kernels/linear.rs:3983:1
     |
3983 | / pub(in crate::commands::real_full) fn cuda_linear_residual_add_rows_bf16_preloaded_resident_weight_device_input_device_output_le...
3984 | |     weight_name: &str,
3985 | |     input_buffer: Ds41rtDeviceBuffer,
3986 | |     bias_bf16: Option<&[u8]>,
...    |
3991 | |     view: LinearResidentView,
3992 | | ) -> Result<LinearResidualAddDeviceOutput> {
     | |__________________________________________^ function `cuda_linear_residual_add_rows_bf16_preloaded_resident_weight_device_input_device_output_legacy` is reachable at visibility `pub(in crate::commands::real_full)`
     |
note: but type `coordinator_kernels::LinearResidentView` is only usable at visibility `pub(self)`
    --> crates/ds41rt-daemon/src/commands/real_full/coordinator_kernels/mod.rs:491:1
     |
 491 | struct LinearResidentView {
     | ^^^^^^^^^^^^^^^^^^^^^^^^^

warning: type `coordinator_kernels::LinearPaddedDeviceInputView` is more private than the item `cuda_linear_residual_add_rows_bf16_preloaded_resident_weight_padded_device_input_device_output_legacy`
    --> crates/ds41rt-daemon/src/commands/real_full/coordinator_kernels/linear.rs:4115:1
     |
4115 | / pub(in crate::commands::real_full) fn cuda_linear_residual_add_rows_bf16_preloaded_resident_weight_padded_device_input_device_ou...
4116 | |     weight_name: &str,
4117 | |     input_buffer: Ds41rtDeviceBuffer,
4118 | |     bias_bf16: Option<&[u8]>,
...    |
4123 | |     view: LinearPaddedDeviceInputView,
4124 | | ) -> Result<LinearResidualAddDeviceOutput> {
     | |__________________________________________^ function `cuda_linear_residual_add_rows_bf16_preloaded_resident_weight_padded_device_input_device_output_legacy` is reachable at visibility `pub(in crate::commands::real_full)`
     |
note: but type `coordinator_kernels::LinearPaddedDeviceInputView` is only usable at visibility `pub(self)`
    --> crates/ds41rt-daemon/src/commands/real_full/coordinator_kernels/mod.rs:498:1
     |
 498 | struct LinearPaddedDeviceInputView {
     | ^^^^^^^^^^^^^^^^^^^^^^^^^^^^^^^^^^

warning: type `coordinator_kernels::MlpGateUpResidentView` is more private than the item `validate_silu_gated_mlp_bf16_preloaded_gate_up_inputs`
   --> crates/ds41rt-daemon/src/commands/real_full/coordinator_kernels/mlp.rs:471:1
    |
471 | / pub(in crate::commands::real_full) fn validate_silu_gated_mlp_bf16_preloaded_gate_up_inputs(
472 | |     input_bf16: &[u8],
473 | |     down_weight_bf16: &[u8],
474 | |     rows: usize,
...   |
478 | |     output_dim: usize,
479 | | ) -> Result<MlpGateUpResidentView> {
    | |__________________________________^ function `validate_silu_gated_mlp_bf16_preloaded_gate_up_inputs` is reachable at visibility `pub(in crate::commands::real_full)`
    |
note: but type `coordinator_kernels::MlpGateUpResidentView` is only usable at visibility `pub(self)`
   --> crates/ds41rt-daemon/src/commands/real_full/coordinator_kernels/mod.rs:506:1
    |
506 | struct MlpGateUpResidentView {
    | ^^^^^^^^^^^^^^^^^^^^^^^^^^^^

warning: type `coordinator_kernels::MlpGateUpDownResidentView` is more private than the item `validate_silu_gated_mlp_bf16_preloaded_gate_up_down_inputs`
   --> crates/ds41rt-daemon/src/commands/real_full/coordinator_kernels/mlp.rs:538:1
    |
538 | / pub(in crate::commands::real_full) fn validate_silu_gated_mlp_bf16_preloaded_gate_up_down_inputs(
539 | |     input_bf16: &[u8],
540 | |     rows: usize,
541 | |     input_dim: usize,
...   |
544 | |     output_dim: usize,
545 | | ) -> Result<MlpGateUpDownResidentView> {
    | |______________________________________^ function `validate_silu_gated_mlp_bf16_preloaded_gate_up_down_inputs` is reachable at visibility `pub(in crate::commands::real_full)`
    |
note: but type `coordinator_kernels::MlpGateUpDownResidentView` is only usable at visibility `pub(self)`
   --> crates/ds41rt-daemon/src/commands/real_full/coordinator_kernels/mod.rs:513:1
    |
513 | struct MlpGateUpDownResidentView {
    | ^^^^^^^^^^^^^^^^^^^^^^^^^^^^^^^^

warning: type `coordinator_kernels::MlpGateUpDownResidentView` is more private than the item `validate_silu_gated_mlp_bf16_preloaded_gate_up_down_device_input`
   --> crates/ds41rt-daemon/src/commands/real_full/coordinator_kernels/mlp.rs:601:1
    |
601 | / pub(in crate::commands::real_full) fn validate_silu_gated_mlp_bf16_preloaded_gate_up_down_device_input(
602 | |     input_buffer: Ds41rtDeviceBuffer,
603 | |     rows: usize,
604 | |     input_dim: usize,
...   |
607 | |     output_dim: usize,
608 | | ) -> Result<MlpGateUpDownResidentView> {
    | |______________________________________^ function `validate_silu_gated_mlp_bf16_preloaded_gate_up_down_device_input` is reachable at visibility `pub(in crate::commands::real_full)`
    |
note: but type `coordinator_kernels::MlpGateUpDownResidentView` is only usable at visibility `pub(self)`
   --> crates/ds41rt-daemon/src/commands/real_full/coordinator_kernels/mod.rs:513:1
    |
513 | struct MlpGateUpDownResidentView {
    | ^^^^^^^^^^^^^^^^^^^^^^^^^^^^^^^^

warning: type `coordinator_kernels::MlpGateUpResidentView` is more private than the item `cuda_silu_gated_mlp_rows_bf16_preloaded_gate_up_resident_weight`
    --> crates/ds41rt-daemon/src/commands/real_full/coordinator_kernels/mlp.rs:1349:1
     |
1349 | / pub(in crate::commands::real_full) fn cuda_silu_gated_mlp_rows_bf16_preloaded_gate_up_resident_weight(
1350 | |     gate_weight_name: &str,
1351 | |     up_weight_name: &str,
1352 | |     down_weight_name: &str,
...    |
1359 | |     gate_up_view: MlpGateUpResidentView,
1360 | | ) -> Result<SiluGatedMlpOutput> {
     | |_______________________________^ function `cuda_silu_gated_mlp_rows_bf16_preloaded_gate_up_resident_weight` is reachable at visibility `pub(in crate::commands::real_full)`
     |
note: but type `coordinator_kernels::MlpGateUpResidentView` is only usable at visibility `pub(self)`
    --> crates/ds41rt-daemon/src/commands/real_full/coordinator_kernels/mod.rs:506:1
     |
 506 | struct MlpGateUpResidentView {
     | ^^^^^^^^^^^^^^^^^^^^^^^^^^^^

warning: type `coordinator_kernels::MlpGateUpResidentView` is more private than the item `cuda_silu_gated_mlp_rows_bf16_preloaded_gate_up_resident_weight_graph_slot`
    --> crates/ds41rt-daemon/src/commands/real_full/coordinator_kernels/mlp.rs:1398:1
     |
1398 | / pub(in crate::commands::real_full) fn cuda_silu_gated_mlp_rows_bf16_preloaded_gate_up_resident_weight_graph_slot(
1399 | |     graph_key: &CoordinatorGraphKey,
1400 | |     gate_weight_name: &str,
1401 | |     up_weight_name: &str,
...    |
1409 | |     gate_up_view: MlpGateUpResidentView,
1410 | | ) -> Result<SiluGatedMlpOutput> {
     | |_______________________________^ function `cuda_silu_gated_mlp_rows_bf16_preloaded_gate_up_resident_weight_graph_slot` is reachable at visibility `pub(in crate::commands::real_full)`
     |
note: but type `coordinator_kernels::MlpGateUpResidentView` is only usable at visibility `pub(self)`
    --> crates/ds41rt-daemon/src/commands/real_full/coordinator_kernels/mod.rs:506:1
     |
 506 | struct MlpGateUpResidentView {
     | ^^^^^^^^^^^^^^^^^^^^^^^^^^^^

warning: type `coordinator_kernels::MlpGateUpResidentView` is more private than the item `cuda_silu_gated_mlp_rows_bf16_preloaded_gate_up_resident_weight_legacy`
    --> crates/ds41rt-daemon/src/commands/real_full/coordinator_kernels/mlp.rs:1508:1
     |
1508 | / pub(in crate::commands::real_full) fn cuda_silu_gated_mlp_rows_bf16_preloaded_gate_up_resident_weight_legacy(
1509 | |     gate_weight_name: &str,
1510 | |     up_weight_name: &str,
1511 | |     down_weight_name: &str,
...    |
1518 | |     gate_up_view: MlpGateUpResidentView,
1519 | | ) -> Result<SiluGatedMlpOutput> {
     | |_______________________________^ function `cuda_silu_gated_mlp_rows_bf16_preloaded_gate_up_resident_weight_legacy` is reachable at visibility `pub(in crate::commands::real_full)`
     |
note: but type `coordinator_kernels::MlpGateUpResidentView` is only usable at visibility `pub(self)`
    --> crates/ds41rt-daemon/src/commands/real_full/coordinator_kernels/mod.rs:506:1
     |
 506 | struct MlpGateUpResidentView {
     | ^^^^^^^^^^^^^^^^^^^^^^^^^^^^

warning: type `coordinator_kernels::MlpGateUpDownResidentView` is more private than the item `cuda_silu_gated_mlp_rows_bf16_preloaded_gate_up_down_resident_weight`
    --> crates/ds41rt-daemon/src/commands/real_full/coordinator_kernels/mlp.rs:1588:1
     |
1588 | / pub(in crate::commands::real_full) fn cuda_silu_gated_mlp_rows_bf16_preloaded_gate_up_down_resident_weight(
1589 | |     gate_weight_name: &str,
1590 | |     up_weight_name: &str,
1591 | |     down_weight_name: &str,
...    |
1597 | |     view: MlpGateUpDownResidentView,
1598 | | ) -> Result<SiluGatedMlpOutput> {
     | |_______________________________^ function `cuda_silu_gated_mlp_rows_bf16_preloaded_gate_up_down_resident_weight` is reachable at visibility `pub(in crate::commands::real_full)`
     |
note: but type `coordinator_kernels::MlpGateUpDownResidentView` is only usable at visibility `pub(self)`
    --> crates/ds41rt-daemon/src/commands/real_full/coordinator_kernels/mod.rs:513:1
     |
 513 | struct MlpGateUpDownResidentView {
     | ^^^^^^^^^^^^^^^^^^^^^^^^^^^^^^^^

warning: type `coordinator_kernels::MlpGateUpDownResidentView` is more private than the item `cuda_silu_gated_mlp_rows_bf16_preloaded_gate_up_down_resident_weight_device_input_device_output`
    --> crates/ds41rt-daemon/src/commands/real_full/coordinator_kernels/mlp.rs:1634:1
     |
1634 | / pub(in crate::commands::real_full) fn cuda_silu_gated_mlp_rows_bf16_preloaded_gate_up_down_resident_weight_device_input_device_o...
1635 | |     gate_weight_name: &str,
1636 | |     up_weight_name: &str,
1637 | |     down_weight_name: &str,
...    |
1643 | |     view: MlpGateUpDownResidentView,
1644 | | ) -> Result<SiluGatedMlpDeviceOutput> {
     | |_____________________________________^ function `cuda_silu_gated_mlp_rows_bf16_preloaded_gate_up_down_resident_weight_device_input_device_output` is reachable at visibility `pub(in crate::commands::real_full)`
     |
note: but type `coordinator_kernels::MlpGateUpDownResidentView` is only usable at visibility `pub(self)`
    --> crates/ds41rt-daemon/src/commands/real_full/coordinator_kernels/mod.rs:513:1
     |
 513 | struct MlpGateUpDownResidentView {
     | ^^^^^^^^^^^^^^^^^^^^^^^^^^^^^^^^

warning: type `coordinator_kernels::MlpGateUpDownResidentView` is more private than the item `cuda_silu_gated_mlp_rows_bf16_preloaded_gate_up_down_resident_weight_device_input_device_output_only`
    --> crates/ds41rt-daemon/src/commands/real_full/coordinator_kernels/mlp.rs:1680:1
     |
1680 | / pub(in crate::commands::real_full) fn cuda_silu_gated_mlp_rows_bf16_preloaded_gate_up_down_resident_weight_device_input_device_o...
1681 | |     gate_weight_name: &str,
1682 | |     up_weight_name: &str,
1683 | |     down_weight_name: &str,
...    |
1689 | |     view: MlpGateUpDownResidentView,
1690 | | ) -> Result<DeviceBf16Output> {
     | |_____________________________^ function `cuda_silu_gated_mlp_rows_bf16_preloaded_gate_up_down_resident_weight_device_input_device_output_only` is reachable at visibility `pub(in crate::commands::real_full)`
     |
note: but type `coordinator_kernels::MlpGateUpDownResidentView` is only usable at visibility `pub(self)`
    --> crates/ds41rt-daemon/src/commands/real_full/coordinator_kernels/mod.rs:513:1
     |
 513 | struct MlpGateUpDownResidentView {
     | ^^^^^^^^^^^^^^^^^^^^^^^^^^^^^^^^

warning: type `coordinator_kernels::MlpGateUpDownResidentView` is more private than the item `cuda_silu_gated_mlp_rows_bf16_preloaded_gate_up_down_resident_weight_device_input_device_output_only_legacy`
    --> crates/ds41rt-daemon/src/commands/real_full/coordinator_kernels/mlp.rs:1729:1
     |
1729 | / pub(in crate::commands::real_full) fn cuda_silu_gated_mlp_rows_bf16_preloaded_gate_up_down_resident_weight_device_input_device_o...
1730 | |     gate_weight_name: &str,
1731 | |     up_weight_name: &str,
1732 | |     down_weight_name: &str,
...    |
1738 | |     view: MlpGateUpDownResidentView,
1739 | | ) -> Result<DeviceBf16Output> {
     | |_____________________________^ function `cuda_silu_gated_mlp_rows_bf16_preloaded_gate_up_down_resident_weight_device_input_device_output_only_legacy` is reachable at visibility `pub(in crate::commands::real_full)`
     |
note: but type `coordinator_kernels::MlpGateUpDownResidentView` is only usable at visibility `pub(self)`
    --> crates/ds41rt-daemon/src/commands/real_full/coordinator_kernels/mod.rs:513:1
     |
 513 | struct MlpGateUpDownResidentView {
     | ^^^^^^^^^^^^^^^^^^^^^^^^^^^^^^^^

warning: type `coordinator_kernels::MlpGateUpDownResidentView` is more private than the item `cuda_silu_gated_mlp_rows_bf16_preloaded_gate_up_down_resident_weight_device_input_device_output_only_graph_slot`
    --> crates/ds41rt-daemon/src/commands/real_full/coordinator_kernels/mlp.rs:1816:1
     |
1816 | / pub(in crate::commands::real_full) fn cuda_silu_gated_mlp_rows_bf16_preloaded_gate_up_down_resident_weight_device_input_device_o...
1817 | |     graph_key: &CoordinatorGraphKey,
1818 | |     gate_weight_name: &str,
1819 | |     up_weight_name: &str,
...    |
1826 | |     view: MlpGateUpDownResidentView,
1827 | | ) -> Result<DeviceBf16Output> {
     | |_____________________________^ function `cuda_silu_gated_mlp_rows_bf16_preloaded_gate_up_down_resident_weight_device_input_device_output_only_graph_slot` is reachable at visibility `pub(in crate::commands::real_full)`
     |
note: but type `coordinator_kernels::MlpGateUpDownResidentView` is only usable at visibility `pub(self)`
    --> crates/ds41rt-daemon/src/commands/real_full/coordinator_kernels/mod.rs:513:1
     |
 513 | struct MlpGateUpDownResidentView {
     | ^^^^^^^^^^^^^^^^^^^^^^^^^^^^^^^^

warning: type `coordinator_kernels::MlpGateUpDownResidentView` is more private than the item `cuda_silu_gated_mlp_rows_bf16_preloaded_gate_up_down_resident_weight_graph_slot`
    --> crates/ds41rt-daemon/src/commands/real_full/coordinator_kernels/mlp.rs:1905:1
     |
1905 | / pub(in crate::commands::real_full) fn cuda_silu_gated_mlp_rows_bf16_preloaded_gate_up_down_resident_weight_graph_slot(
1906 | |     graph_key: &CoordinatorGraphKey,
1907 | |     gate_weight_name: &str,
1908 | |     up_weight_name: &str,
...    |
1915 | |     view: MlpGateUpDownResidentView,
1916 | | ) -> Result<SiluGatedMlpOutput> {
     | |_______________________________^ function `cuda_silu_gated_mlp_rows_bf16_preloaded_gate_up_down_resident_weight_graph_slot` is reachable at visibility `pub(in crate::commands::real_full)`
     |
note: but type `coordinator_kernels::MlpGateUpDownResidentView` is only usable at visibility `pub(self)`
    --> crates/ds41rt-daemon/src/commands/real_full/coordinator_kernels/mod.rs:513:1
     |
 513 | struct MlpGateUpDownResidentView {
     | ^^^^^^^^^^^^^^^^^^^^^^^^^^^^^^^^

warning: type `coordinator_kernels::MlpGateUpDownResidentView` is more private than the item `cuda_silu_gated_mlp_rows_bf16_preloaded_gate_up_down_resident_weight_device_input_device_output_graph_slot`
    --> crates/ds41rt-daemon/src/commands/real_full/coordinator_kernels/mlp.rs:2013:1
     |
2013 | / pub(in crate::commands::real_full) fn cuda_silu_gated_mlp_rows_bf16_preloaded_gate_up_down_resident_weight_device_input_device_o...
2014 | |     graph_key: &CoordinatorGraphKey,
2015 | |     gate_weight_name: &str,
2016 | |     up_weight_name: &str,
...    |
2023 | |     view: MlpGateUpDownResidentView,
2024 | | ) -> Result<SiluGatedMlpDeviceOutput> {
     | |_____________________________________^ function `cuda_silu_gated_mlp_rows_bf16_preloaded_gate_up_down_resident_weight_device_input_device_output_graph_slot` is reachable at visibility `pub(in crate::commands::real_full)`
     |
note: but type `coordinator_kernels::MlpGateUpDownResidentView` is only usable at visibility `pub(self)`
    --> crates/ds41rt-daemon/src/commands/real_full/coordinator_kernels/mod.rs:513:1
     |
 513 | struct MlpGateUpDownResidentView {
     | ^^^^^^^^^^^^^^^^^^^^^^^^^^^^^^^^

warning: type `coordinator_kernels::MlpGateUpDownResidentView` is more private than the item `cuda_silu_gated_mlp_rows_bf16_preloaded_gate_up_down_resident_weight_legacy`
    --> crates/ds41rt-daemon/src/commands/real_full/coordinator_kernels/mlp.rs:2112:1
     |
2112 | / pub(in crate::commands::real_full) fn cuda_silu_gated_mlp_rows_bf16_preloaded_gate_up_down_resident_weight_legacy(
2113 | |     gate_weight_name: &str,
2114 | |     up_weight_name: &str,
2115 | |     down_weight_name: &str,
...    |
2121 | |     view: MlpGateUpDownResidentView,
2122 | | ) -> Result<SiluGatedMlpOutput> {
     | |_______________________________^ function `cuda_silu_gated_mlp_rows_bf16_preloaded_gate_up_down_resident_weight_legacy` is reachable at visibility `pub(in crate::commands::real_full)`
     |
note: but type `coordinator_kernels::MlpGateUpDownResidentView` is only usable at visibility `pub(self)`
    --> crates/ds41rt-daemon/src/commands/real_full/coordinator_kernels/mod.rs:513:1
     |
 513 | struct MlpGateUpDownResidentView {
     | ^^^^^^^^^^^^^^^^^^^^^^^^^^^^^^^^

warning: type `coordinator_kernels::MlpGateUpDownResidentView` is more private than the item `cuda_silu_gated_mlp_rows_bf16_preloaded_gate_up_down_resident_weight_device_input_device_output_legacy`
    --> crates/ds41rt-daemon/src/commands/real_full/coordinator_kernels/mlp.rs:2191:1
     |
2191 | / pub(in crate::commands::real_full) fn cuda_silu_gated_mlp_rows_bf16_preloaded_gate_up_down_resident_weight_device_input_device_o...
2192 | |     gate_weight_name: &str,
2193 | |     up_weight_name: &str,
2194 | |     down_weight_name: &str,
...    |
2200 | |     view: MlpGateUpDownResidentView,
2201 | | ) -> Result<SiluGatedMlpDeviceOutput> {
     | |_____________________________________^ function `cuda_silu_gated_mlp_rows_bf16_preloaded_gate_up_down_resident_weight_device_input_device_output_legacy` is reachable at visibility `pub(in crate::commands::real_full)`
     |
note: but type `coordinator_kernels::MlpGateUpDownResidentView` is only usable at visibility `pub(self)`
    --> crates/ds41rt-daemon/src/commands/real_full/coordinator_kernels/mod.rs:513:1
     |
 513 | struct MlpGateUpDownResidentView {
     | ^^^^^^^^^^^^^^^^^^^^^^^^^^^^^^^^

warning: type `coordinator_kernels::CoordinatorCudaGraphWorkspaceSlot` is more private than the item `capture_or_update_layer_rmsnorm_bf16_graph`
    --> crates/ds41rt-daemon/src/commands/real_full/coordinator_kernels/norm.rs:834:1
     |
 834 | / pub(in crate::commands::real_full) fn capture_or_update_layer_rmsnorm_bf16_graph(
 835 | |     library: &'static NativeLibrary,
 836 | |     slot: &mut CoordinatorCudaGraphWorkspaceSlot,
 837 | |     signature: CoordinatorCudaGraphSignature,
...    |
 844 | |     label: &'static str,
 845 | | ) -> Result<()> {
     | |_______________^ function `capture_or_update_layer_rmsnorm_bf16_graph` is reachable at visibility `pub(in crate::commands::real_full)`
     |
note: but type `coordinator_kernels::CoordinatorCudaGraphWorkspaceSlot` is only usable at visibility `pub(self)`
    --> crates/ds41rt-daemon/src/commands/real_full/coordinator_kernels/mod.rs:2131:1
     |
2131 | struct CoordinatorCudaGraphWorkspaceSlot {
     | ^^^^^^^^^^^^^^^^^^^^^^^^^^^^^^^^^^^^^^^^

warning: type `coordinator_kernels::CoordinatorCudaGraphSignature` is more private than the item `capture_or_update_layer_rmsnorm_bf16_graph`
    --> crates/ds41rt-daemon/src/commands/real_full/coordinator_kernels/norm.rs:834:1
     |
 834 | / pub(in crate::commands::real_full) fn capture_or_update_layer_rmsnorm_bf16_graph(
 835 | |     library: &'static NativeLibrary,
 836 | |     slot: &mut CoordinatorCudaGraphWorkspaceSlot,
 837 | |     signature: CoordinatorCudaGraphSignature,
...    |
 844 | |     label: &'static str,
 845 | | ) -> Result<()> {
     | |_______________^ function `capture_or_update_layer_rmsnorm_bf16_graph` is reachable at visibility `pub(in crate::commands::real_full)`
     |
note: but type `coordinator_kernels::CoordinatorCudaGraphSignature` is only usable at visibility `pub(self)`
    --> crates/ds41rt-daemon/src/commands/real_full/coordinator_kernels/mod.rs:1376:1
     |
1376 | struct CoordinatorCudaGraphSignature {
     | ^^^^^^^^^^^^^^^^^^^^^^^^^^^^^^^^^^^^

warning: type `coordinator_kernels::CoordinatorCudaGraphWorkspaceSlot` is more private than the item `capture_or_update_layernorm_affine_f32_bf16_graph`
    --> crates/ds41rt-daemon/src/commands/real_full/coordinator_kernels/norm.rs:941:1
     |
 941 | / pub(in crate::commands::real_full) fn capture_or_update_layernorm_affine_f32_bf16_graph(
 942 | |     library: &'static NativeLibrary,
 943 | |     slot: &mut CoordinatorCudaGraphWorkspaceSlot,
 944 | |     signature: CoordinatorCudaGraphSignature,
...    |
 952 | |     label: &'static str,
 953 | | ) -> Result<()> {
     | |_______________^ function `capture_or_update_layernorm_affine_f32_bf16_graph` is reachable at visibility `pub(in crate::commands::real_full)`
     |
note: but type `coordinator_kernels::CoordinatorCudaGraphWorkspaceSlot` is only usable at visibility `pub(self)`
    --> crates/ds41rt-daemon/src/commands/real_full/coordinator_kernels/mod.rs:2131:1
     |
2131 | struct CoordinatorCudaGraphWorkspaceSlot {
     | ^^^^^^^^^^^^^^^^^^^^^^^^^^^^^^^^^^^^^^^^

warning: type `coordinator_kernels::CoordinatorCudaGraphSignature` is more private than the item `capture_or_update_layernorm_affine_f32_bf16_graph`
    --> crates/ds41rt-daemon/src/commands/real_full/coordinator_kernels/norm.rs:941:1
     |
 941 | / pub(in crate::commands::real_full) fn capture_or_update_layernorm_affine_f32_bf16_graph(
 942 | |     library: &'static NativeLibrary,
 943 | |     slot: &mut CoordinatorCudaGraphWorkspaceSlot,
 944 | |     signature: CoordinatorCudaGraphSignature,
...    |
 952 | |     label: &'static str,
 953 | | ) -> Result<()> {
     | |_______________^ function `capture_or_update_layernorm_affine_f32_bf16_graph` is reachable at visibility `pub(in crate::commands::real_full)`
     |
note: but type `coordinator_kernels::CoordinatorCudaGraphSignature` is only usable at visibility `pub(self)`
    --> crates/ds41rt-daemon/src/commands/real_full/coordinator_kernels/mod.rs:1376:1
     |
1376 | struct CoordinatorCudaGraphSignature {
     | ^^^^^^^^^^^^^^^^^^^^^^^^^^^^^^^^^^^^

warning: type `coordinator_kernels::CoordinatorCudaGraphWorkspaceSlot` is more private than the item `capture_or_update_layernorm_affine_bf16_graph`
    --> crates/ds41rt-daemon/src/commands/real_full/coordinator_kernels/norm.rs:1014:1
     |
1014 | / pub(in crate::commands::real_full) fn capture_or_update_layernorm_affine_bf16_graph(
1015 | |     library: &'static NativeLibrary,
1016 | |     slot: &mut CoordinatorCudaGraphWorkspaceSlot,
1017 | |     signature: CoordinatorCudaGraphSignature,
...    |
1025 | |     label: &'static str,
1026 | | ) -> Result<()> {
     | |_______________^ function `capture_or_update_layernorm_affine_bf16_graph` is reachable at visibility `pub(in crate::commands::real_full)`
     |
note: but type `coordinator_kernels::CoordinatorCudaGraphWorkspaceSlot` is only usable at visibility `pub(self)`
    --> crates/ds41rt-daemon/src/commands/real_full/coordinator_kernels/mod.rs:2131:1
     |
2131 | struct CoordinatorCudaGraphWorkspaceSlot {
     | ^^^^^^^^^^^^^^^^^^^^^^^^^^^^^^^^^^^^^^^^

warning: type `coordinator_kernels::CoordinatorCudaGraphSignature` is more private than the item `capture_or_update_layernorm_affine_bf16_graph`
    --> crates/ds41rt-daemon/src/commands/real_full/coordinator_kernels/norm.rs:1014:1
     |
1014 | / pub(in crate::commands::real_full) fn capture_or_update_layernorm_affine_bf16_graph(
1015 | |     library: &'static NativeLibrary,
1016 | |     slot: &mut CoordinatorCudaGraphWorkspaceSlot,
1017 | |     signature: CoordinatorCudaGraphSignature,
...    |
1025 | |     label: &'static str,
1026 | | ) -> Result<()> {
     | |_______________^ function `capture_or_update_layernorm_affine_bf16_graph` is reachable at visibility `pub(in crate::commands::real_full)`
     |
note: but type `coordinator_kernels::CoordinatorCudaGraphSignature` is only usable at visibility `pub(self)`
    --> crates/ds41rt-daemon/src/commands/real_full/coordinator_kernels/mod.rs:1376:1
     |
1376 | struct CoordinatorCudaGraphSignature {
     | ^^^^^^^^^^^^^^^^^^^^^^^^^^^^^^^^^^^^

warning: type `coordinator_kernels::CoordinatorCudaGraphSignature` is more private than the item `rmsnorm_graph_signature`
    --> crates/ds41rt-daemon/src/commands/real_full/coordinator_kernels/norm.rs:1093:1
     |
1093 | / pub(in crate::commands::real_full) fn rmsnorm_graph_signature(
1094 | |     graph_key: &CoordinatorGraphKey,
1095 | |     hidden_dim: usize,
1096 | |     eps: f32,
1097 | | ) -> CoordinatorCudaGraphSignature {
     | |__________________________________^ function `rmsnorm_graph_signature` is reachable at visibility `pub(in crate::commands::real_full)`
     |
note: but type `coordinator_kernels::CoordinatorCudaGraphSignature` is only usable at visibility `pub(self)`
    --> crates/ds41rt-daemon/src/commands/real_full/coordinator_kernels/mod.rs:1376:1
     |
1376 | struct CoordinatorCudaGraphSignature {
     | ^^^^^^^^^^^^^^^^^^^^^^^^^^^^^^^^^^^^

warning: type `coordinator_kernels::CoordinatorCudaGraphSignature` is more private than the item `layernorm_affine_graph_signature`
    --> crates/ds41rt-daemon/src/commands/real_full/coordinator_kernels/norm.rs:2114:1
     |
2114 | / pub(in crate::commands::real_full) fn layernorm_affine_graph_signature(
2115 | |     graph_key: &CoordinatorGraphKey,
2116 | |     hidden_dim: usize,
2117 | |     eps: f32,
2118 | | ) -> CoordinatorCudaGraphSignature {
     | |__________________________________^ function `layernorm_affine_graph_signature` is reachable at visibility `pub(in crate::commands::real_full)`
     |
note: but type `coordinator_kernels::CoordinatorCudaGraphSignature` is only usable at visibility `pub(self)`
    --> crates/ds41rt-daemon/src/commands/real_full/coordinator_kernels/mod.rs:1376:1
     |
1376 | struct CoordinatorCudaGraphSignature {
     | ^^^^^^^^^^^^^^^^^^^^^^^^^^^^^^^^^^^^

warning: type `coordinator_kernels::CoordinatorCudaGraphWorkspaceSlot` is more private than the item `resident::coordinator_w4a16_launch_buffers`
    --> crates/ds41rt-daemon/src/commands/real_full/coordinator_kernels/resident.rs:820:1
     |
 820 | / pub(in crate::commands::real_full) fn coordinator_w4a16_launch_buffers(
 821 | |     library: &'static NativeLibrary,
 822 | |     slot: &mut CoordinatorCudaGraphWorkspaceSlot,
 823 | |     projection: CoordinatorW4a16ProjectionBuffers,
...    |
 826 | |     metadata_slot: CoordinatorCudaScratchSlot,
 827 | | ) -> Result<Ds41rtB12xCoordinatorW4a16Buffers> {
     | |______________________________________________^ function `resident::coordinator_w4a16_launch_buffers` is reachable at visibility `pub(in crate::commands::real_full)`
     |
note: but type `coordinator_kernels::CoordinatorCudaGraphWorkspaceSlot` is only usable at visibility `pub(self)`
    --> crates/ds41rt-daemon/src/commands/real_full/coordinator_kernels/mod.rs:2131:1
     |
2131 | struct CoordinatorCudaGraphWorkspaceSlot {
     | ^^^^^^^^^^^^^^^^^^^^^^^^^^^^^^^^^^^^^^^^

warning: type `coordinator_kernels::CoordinatorCudaScratchSlot` is more private than the item `resident::coordinator_w4a16_launch_buffers`
   --> crates/ds41rt-daemon/src/commands/real_full/coordinator_kernels/resident.rs:820:1
    |
820 | / pub(in crate::commands::real_full) fn coordinator_w4a16_launch_buffers(
821 | |     library: &'static NativeLibrary,
822 | |     slot: &mut CoordinatorCudaGraphWorkspaceSlot,
823 | |     projection: CoordinatorW4a16ProjectionBuffers,
...   |
826 | |     metadata_slot: CoordinatorCudaScratchSlot,
827 | | ) -> Result<Ds41rtB12xCoordinatorW4a16Buffers> {
    | |______________________________________________^ function `resident::coordinator_w4a16_launch_buffers` is reachable at visibility `pub(in crate::commands::real_full)`
    |
note: but type `coordinator_kernels::CoordinatorCudaScratchSlot` is only usable at visibility `pub(self)`
   --> crates/ds41rt-daemon/src/commands/real_full/coordinator_kernels/mod.rs:612:1
    |
612 | enum CoordinatorCudaScratchSlot {
    | ^^^^^^^^^^^^^^^^^^^^^^^^^^^^^^^

warning: type `coordinator_kernels::CoordinatorCudaGraphWorkspaceSlot` is more private than the item `resident::coordinator_w8a16_packed_o_launch_buffers`
    --> crates/ds41rt-daemon/src/commands/real_full/coordinator_kernels/resident.rs:904:1
     |
 904 | / pub(in crate::commands::real_full) fn coordinator_w8a16_packed_o_launch_buffers(
 905 | |     library: &'static NativeLibrary,
 906 | |     slot: &mut CoordinatorCudaGraphWorkspaceSlot,
 907 | |     projection: CoordinatorW8a16ProjectionBuffers,
...    |
 910 | |     metadata_slot: CoordinatorCudaScratchSlot,
 911 | | ) -> Result<Ds41rtB12xCoordinatorW4a16Buffers> {
     | |______________________________________________^ function `resident::coordinator_w8a16_packed_o_launch_buffers` is reachable at visibility `pub(in crate::commands::real_full)`
     |
note: but type `coordinator_kernels::CoordinatorCudaGraphWorkspaceSlot` is only usable at visibility `pub(self)`
    --> crates/ds41rt-daemon/src/commands/real_full/coordinator_kernels/mod.rs:2131:1
     |
2131 | struct CoordinatorCudaGraphWorkspaceSlot {
     | ^^^^^^^^^^^^^^^^^^^^^^^^^^^^^^^^^^^^^^^^

warning: type `coordinator_kernels::CoordinatorCudaScratchSlot` is more private than the item `resident::coordinator_w8a16_packed_o_launch_buffers`
   --> crates/ds41rt-daemon/src/commands/real_full/coordinator_kernels/resident.rs:904:1
    |
904 | / pub(in crate::commands::real_full) fn coordinator_w8a16_packed_o_launch_buffers(
905 | |     library: &'static NativeLibrary,
906 | |     slot: &mut CoordinatorCudaGraphWorkspaceSlot,
907 | |     projection: CoordinatorW8a16ProjectionBuffers,
...   |
910 | |     metadata_slot: CoordinatorCudaScratchSlot,
911 | | ) -> Result<Ds41rtB12xCoordinatorW4a16Buffers> {
    | |______________________________________________^ function `resident::coordinator_w8a16_packed_o_launch_buffers` is reachable at visibility `pub(in crate::commands::real_full)`
    |
note: but type `coordinator_kernels::CoordinatorCudaScratchSlot` is only usable at visibility `pub(self)`
   --> crates/ds41rt-daemon/src/commands/real_full/coordinator_kernels/mod.rs:612:1
    |
612 | enum CoordinatorCudaScratchSlot {
    | ^^^^^^^^^^^^^^^^^^^^^^^^^^^^^^^

warning: type `coordinator_kernels::CoordinatorCudaResidentWeights` is more private than the item `lock_coordinator_cuda_resident_weights`
    --> crates/ds41rt-daemon/src/commands/real_full/coordinator_kernels/resident.rs:1014:1
     |
1014 | / pub(in crate::commands::real_full) fn lock_coordinator_cuda_resident_weights(
1015 | | ) -> Result<MutexGuard<'static, CoordinatorCudaResidentWeights>> {
     | |________________________________________________________________^ function `lock_coordinator_cuda_resident_weights` is reachable at visibility `pub(in crate::commands::real_full)`
     |
note: but type `coordinator_kernels::CoordinatorCudaResidentWeights` is only usable at visibility `pub(self)`
    --> crates/ds41rt-daemon/src/commands/real_full/coordinator_kernels/mod.rs:872:1
     |
 872 | struct CoordinatorCudaResidentWeights {
     | ^^^^^^^^^^^^^^^^^^^^^^^^^^^^^^^^^^^^^

warning: type `coordinator_kernels::SparseBBf16PartialLayout` is more private than the item `validate_sparse_b_bf16_partial_layout`
   --> crates/ds41rt-daemon/src/commands/real_full/coordinator_kernels/residual.rs:705:1
    |
705 | / pub(in crate::commands::real_full) fn validate_sparse_b_bf16_partial_layout(
706 | |     partial_outputs_bf16_by_host: &[impl AsRef<[u8]>],
707 | |     global_row_indices_by_host: &[impl AsRef<[usize]>],
708 | |     dst_rows: usize,
709 | |     row_width: usize,
710 | | ) -> Result<SparseBBf16PartialLayout> {
    | |_____________________________________^ function `validate_sparse_b_bf16_partial_layout` is reachable at visibility `pub(in crate::commands::real_full)`
    |
note: but type `coordinator_kernels::SparseBBf16PartialLayout` is only usable at visibility `pub(self)`
   --> crates/ds41rt-daemon/src/commands/real_full/coordinator_kernels/mod.rs:479:1
    |
479 | struct SparseBBf16PartialLayout {
    | ^^^^^^^^^^^^^^^^^^^^^^^^^^^^^^^

warning: type `coordinator_kernels::CoordinatorCudaGraphWorkspaceSlot` is more private than the item `capture_or_update_sparse_b_residual_add_bf16_graph`
    --> crates/ds41rt-daemon/src/commands/real_full/coordinator_kernels/residual.rs:1315:1
     |
1315 | / pub(in crate::commands::real_full) fn capture_or_update_sparse_b_residual_add_bf16_graph(
1316 | |     library: &'static NativeLibrary,
1317 | |     slot: &mut CoordinatorCudaGraphWorkspaceSlot,
1318 | |     signature: CoordinatorCudaGraphSignature,
...    |
1323 | |     label: &'static str,
1324 | | ) -> Result<()> {
     | |_______________^ function `capture_or_update_sparse_b_residual_add_bf16_graph` is reachable at visibility `pub(in crate::commands::real_full)`
     |
note: but type `coordinator_kernels::CoordinatorCudaGraphWorkspaceSlot` is only usable at visibility `pub(self)`
    --> crates/ds41rt-daemon/src/commands/real_full/coordinator_kernels/mod.rs:2131:1
     |
2131 | struct CoordinatorCudaGraphWorkspaceSlot {
     | ^^^^^^^^^^^^^^^^^^^^^^^^^^^^^^^^^^^^^^^^

warning: type `coordinator_kernels::CoordinatorCudaGraphSignature` is more private than the item `capture_or_update_sparse_b_residual_add_bf16_graph`
    --> crates/ds41rt-daemon/src/commands/real_full/coordinator_kernels/residual.rs:1315:1
     |
1315 | / pub(in crate::commands::real_full) fn capture_or_update_sparse_b_residual_add_bf16_graph(
1316 | |     library: &'static NativeLibrary,
1317 | |     slot: &mut CoordinatorCudaGraphWorkspaceSlot,
1318 | |     signature: CoordinatorCudaGraphSignature,
...    |
1323 | |     label: &'static str,
1324 | | ) -> Result<()> {
     | |_______________^ function `capture_or_update_sparse_b_residual_add_bf16_graph` is reachable at visibility `pub(in crate::commands::real_full)`
     |
note: but type `coordinator_kernels::CoordinatorCudaGraphSignature` is only usable at visibility `pub(self)`
    --> crates/ds41rt-daemon/src/commands/real_full/coordinator_kernels/mod.rs:1376:1
     |
1376 | struct CoordinatorCudaGraphSignature {
     | ^^^^^^^^^^^^^^^^^^^^^^^^^^^^^^^^^^^^

warning: type `coordinator_kernels::CoordinatorCudaGraphWorkspaceSlot` is more private than the item `capture_or_update_sparse_b_scatter_add_bf16_to_f32_graph`
    --> crates/ds41rt-daemon/src/commands/real_full/coordinator_kernels/residual.rs:1635:1
     |
1635 | / pub(in crate::commands::real_full) fn capture_or_update_sparse_b_scatter_add_bf16_to_f32_graph(
1636 | |     library: &'static NativeLibrary,
1637 | |     slot: &mut CoordinatorCudaGraphWorkspaceSlot,
1638 | |     signature: CoordinatorCudaGraphSignature,
...    |
1645 | |     label: &'static str,
1646 | | ) -> Result<()> {
     | |_______________^ function `capture_or_update_sparse_b_scatter_add_bf16_to_f32_graph` is reachable at visibility `pub(in crate::commands::real_full)`
     |
note: but type `coordinator_kernels::CoordinatorCudaGraphWorkspaceSlot` is only usable at visibility `pub(self)`
    --> crates/ds41rt-daemon/src/commands/real_full/coordinator_kernels/mod.rs:2131:1
     |
2131 | struct CoordinatorCudaGraphWorkspaceSlot {
     | ^^^^^^^^^^^^^^^^^^^^^^^^^^^^^^^^^^^^^^^^

warning: type `coordinator_kernels::CoordinatorCudaGraphSignature` is more private than the item `capture_or_update_sparse_b_scatter_add_bf16_to_f32_graph`
    --> crates/ds41rt-daemon/src/commands/real_full/coordinator_kernels/residual.rs:1635:1
     |
1635 | / pub(in crate::commands::real_full) fn capture_or_update_sparse_b_scatter_add_bf16_to_f32_graph(
1636 | |     library: &'static NativeLibrary,
1637 | |     slot: &mut CoordinatorCudaGraphWorkspaceSlot,
1638 | |     signature: CoordinatorCudaGraphSignature,
...    |
1645 | |     label: &'static str,
1646 | | ) -> Result<()> {
     | |_______________^ function `capture_or_update_sparse_b_scatter_add_bf16_to_f32_graph` is reachable at visibility `pub(in crate::commands::real_full)`
     |
note: but type `coordinator_kernels::CoordinatorCudaGraphSignature` is only usable at visibility `pub(self)`
    --> crates/ds41rt-daemon/src/commands/real_full/coordinator_kernels/mod.rs:1376:1
     |
1376 | struct CoordinatorCudaGraphSignature {
     | ^^^^^^^^^^^^^^^^^^^^^^^^^^^^^^^^^^^^

warning: type `coordinator_kernels::SparseBBf16PartialLayout` is more private than the item `cuda_sparse_b_scatter_shared_residual_add_bf16_device_output`
    --> crates/ds41rt-daemon/src/commands/real_full/coordinator_kernels/residual.rs:1945:1
     |
1945 | / pub(in crate::commands::real_full) fn cuda_sparse_b_scatter_shared_residual_add_bf16_device_output(
1946 | |     residual: &DeviceBf16Output,
1947 | |     shared_delta: &DeviceBf16Output,
1948 | |     partial_outputs_bf16_by_host: &[impl AsRef<[u8]>],
...    |
1951 | |     row_width: usize,
1952 | | ) -> Result<DeviceBf16Output> {
     | |_____________________________^ function `cuda_sparse_b_scatter_shared_residual_add_bf16_device_output` is reachable at visibility `pub(in crate::commands::real_full)`
     |
note: but type `coordinator_kernels::SparseBBf16PartialLayout` is only usable at visibility `pub(self)`
    --> crates/ds41rt-daemon/src/commands/real_full/coordinator_kernels/mod.rs:479:1
     |
 479 | struct SparseBBf16PartialLayout {
     | ^^^^^^^^^^^^^^^^^^^^^^^^^^^^^^^

warning: type `coordinator_kernels::CoordinatorCudaGraphWorkspaceSlot` is more private than the item `capture_or_update_sparse_b_scatter_residual_add_bf16_graph`
    --> crates/ds41rt-daemon/src/commands/real_full/coordinator_kernels/residual.rs:3348:1
     |
3348 | / pub(in crate::commands::real_full) fn capture_or_update_sparse_b_scatter_residual_add_bf16_graph(
3349 | |     library: &'static NativeLibrary,
3350 | |     slot: &mut CoordinatorCudaGraphWorkspaceSlot,
3351 | |     signature: CoordinatorCudaGraphSignature,
...    |
3360 | |     values: usize,
3361 | | ) -> Result<()> {
     | |_______________^ function `capture_or_update_sparse_b_scatter_residual_add_bf16_graph` is reachable at visibility `pub(in crate::commands::real_full)`
     |
note: but type `coordinator_kernels::CoordinatorCudaGraphWorkspaceSlot` is only usable at visibility `pub(self)`
    --> crates/ds41rt-daemon/src/commands/real_full/coordinator_kernels/mod.rs:2131:1
     |
2131 | struct CoordinatorCudaGraphWorkspaceSlot {
     | ^^^^^^^^^^^^^^^^^^^^^^^^^^^^^^^^^^^^^^^^

warning: type `coordinator_kernels::CoordinatorCudaGraphSignature` is more private than the item `capture_or_update_sparse_b_scatter_residual_add_bf16_graph`
    --> crates/ds41rt-daemon/src/commands/real_full/coordinator_kernels/residual.rs:3348:1
     |
3348 | / pub(in crate::commands::real_full) fn capture_or_update_sparse_b_scatter_residual_add_bf16_graph(
3349 | |     library: &'static NativeLibrary,
3350 | |     slot: &mut CoordinatorCudaGraphWorkspaceSlot,
3351 | |     signature: CoordinatorCudaGraphSignature,
...    |
3360 | |     values: usize,
3361 | | ) -> Result<()> {
     | |_______________^ function `capture_or_update_sparse_b_scatter_residual_add_bf16_graph` is reachable at visibility `pub(in crate::commands::real_full)`
     |
note: but type `coordinator_kernels::CoordinatorCudaGraphSignature` is only usable at visibility `pub(self)`
    --> crates/ds41rt-daemon/src/commands/real_full/coordinator_kernels/mod.rs:1376:1
     |
1376 | struct CoordinatorCudaGraphSignature {
     | ^^^^^^^^^^^^^^^^^^^^^^^^^^^^^^^^^^^^

warning: type `coordinator_kernels::CoordinatorCudaGraphWorkspaceSlot` is more private than the item `capture_or_update_sparse_b_scatter_shared_residual_add_bf16_graph`
    --> crates/ds41rt-daemon/src/commands/real_full/coordinator_kernels/residual.rs:3478:1
     |
3478 | / pub(in crate::commands::real_full) fn capture_or_update_sparse_b_scatter_shared_residual_add_bf16_graph(
3479 | |     library: &'static NativeLibrary,
3480 | |     slot: &mut CoordinatorCudaGraphWorkspaceSlot,
3481 | |     signature: CoordinatorCudaGraphSignature,
...    |
3491 | |     values: usize,
3492 | | ) -> Result<()> {
     | |_______________^ function `capture_or_update_sparse_b_scatter_shared_residual_add_bf16_graph` is reachable at visibility `pub(in crate::commands::real_full)`
     |
note: but type `coordinator_kernels::CoordinatorCudaGraphWorkspaceSlot` is only usable at visibility `pub(self)`
    --> crates/ds41rt-daemon/src/commands/real_full/coordinator_kernels/mod.rs:2131:1
     |
2131 | struct CoordinatorCudaGraphWorkspaceSlot {
     | ^^^^^^^^^^^^^^^^^^^^^^^^^^^^^^^^^^^^^^^^

warning: type `coordinator_kernels::CoordinatorCudaGraphSignature` is more private than the item `capture_or_update_sparse_b_scatter_shared_residual_add_bf16_graph`
    --> crates/ds41rt-daemon/src/commands/real_full/coordinator_kernels/residual.rs:3478:1
     |
3478 | / pub(in crate::commands::real_full) fn capture_or_update_sparse_b_scatter_shared_residual_add_bf16_graph(
3479 | |     library: &'static NativeLibrary,
3480 | |     slot: &mut CoordinatorCudaGraphWorkspaceSlot,
3481 | |     signature: CoordinatorCudaGraphSignature,
...    |
3491 | |     values: usize,
3492 | | ) -> Result<()> {
     | |_______________^ function `capture_or_update_sparse_b_scatter_shared_residual_add_bf16_graph` is reachable at visibility `pub(in crate::commands::real_full)`
     |
note: but type `coordinator_kernels::CoordinatorCudaGraphSignature` is only usable at visibility `pub(self)`
    --> crates/ds41rt-daemon/src/commands/real_full/coordinator_kernels/mod.rs:1376:1
     |
1376 | struct CoordinatorCudaGraphSignature {
     | ^^^^^^^^^^^^^^^^^^^^^^^^^^^^^^^^^^^^

warning: type `coordinator_kernels::CoordinatorCudaGraphWorkspaceSlot` is more private than the item `capture_or_update_sparse_a_router_topk_bf16_graph`
    --> crates/ds41rt-daemon/src/commands/real_full/coordinator_kernels/router.rs:2148:1
     |
2148 | / pub(in crate::commands::real_full) fn capture_or_update_sparse_a_router_topk_bf16_graph(
2149 | |     library: &'static NativeLibrary,
2150 | |     slot: &mut CoordinatorCudaGraphWorkspaceSlot,
2151 | |     signature: CoordinatorCudaGraphSignature,
...    |
2162 | |     label: &'static str,
2163 | | ) -> Result<()> {
     | |_______________^ function `capture_or_update_sparse_a_router_topk_bf16_graph` is reachable at visibility `pub(in crate::commands::real_full)`
     |
note: but type `coordinator_kernels::CoordinatorCudaGraphWorkspaceSlot` is only usable at visibility `pub(self)`
    --> crates/ds41rt-daemon/src/commands/real_full/coordinator_kernels/mod.rs:2131:1
     |
2131 | struct CoordinatorCudaGraphWorkspaceSlot {
     | ^^^^^^^^^^^^^^^^^^^^^^^^^^^^^^^^^^^^^^^^

warning: type `coordinator_kernels::CoordinatorCudaGraphSignature` is more private than the item `capture_or_update_sparse_a_router_topk_bf16_graph`
    --> crates/ds41rt-daemon/src/commands/real_full/coordinator_kernels/router.rs:2148:1
     |
2148 | / pub(in crate::commands::real_full) fn capture_or_update_sparse_a_router_topk_bf16_graph(
2149 | |     library: &'static NativeLibrary,
2150 | |     slot: &mut CoordinatorCudaGraphWorkspaceSlot,
2151 | |     signature: CoordinatorCudaGraphSignature,
...    |
2162 | |     label: &'static str,
2163 | | ) -> Result<()> {
     | |_______________^ function `capture_or_update_sparse_a_router_topk_bf16_graph` is reachable at visibility `pub(in crate::commands::real_full)`
     |
note: but type `coordinator_kernels::CoordinatorCudaGraphSignature` is only usable at visibility `pub(self)`
    --> crates/ds41rt-daemon/src/commands/real_full/coordinator_kernels/mod.rs:1376:1
     |
1376 | struct CoordinatorCudaGraphSignature {
     | ^^^^^^^^^^^^^^^^^^^^^^^^^^^^^^^^^^^^

warning: type `coordinator_kernels::CoordinatorCudaGraphSignature` is more private than the item `router_topk_graph_signature`
    --> crates/ds41rt-daemon/src/commands/real_full/coordinator_kernels/router.rs:3350:1
     |
3350 | / pub(in crate::commands::real_full) fn router_topk_graph_signature(
3351 | |     graph_key: &CoordinatorGraphKey,
3352 | |     hidden_dim: usize,
3353 | |     experts: usize,
3354 | |     top_k: usize,
3355 | | ) -> CoordinatorCudaGraphSignature {
     | |__________________________________^ function `router_topk_graph_signature` is reachable at visibility `pub(in crate::commands::real_full)`
     |
note: but type `coordinator_kernels::CoordinatorCudaGraphSignature` is only usable at visibility `pub(self)`
    --> crates/ds41rt-daemon/src/commands/real_full/coordinator_kernels/mod.rs:1376:1
     |
1376 | struct CoordinatorCudaGraphSignature {
     | ^^^^^^^^^^^^^^^^^^^^^^^^^^^^^^^^^^^^

warning: type `coordinator_kernels::LmHeadResidentView` is more private than the item `validate_lm_head_preloaded_bf16_inputs`
   --> crates/ds41rt-daemon/src/commands/real_full/coordinator_kernels/sampling.rs:770:1
    |
770 | / pub(in crate::commands::real_full) fn validate_lm_head_preloaded_bf16_inputs(
771 | |     hidden_bf16: &[u8],
772 | |     rows: usize,
773 | |     hidden_dim: usize,
...   |
776 | |     vocab: usize,
777 | | ) -> Result<LmHeadResidentView> {
    | |_______________________________^ function `validate_lm_head_preloaded_bf16_inputs` is reachable at visibility `pub(in crate::commands::real_full)`
    |
note: but type `coordinator_kernels::LmHeadResidentView` is only usable at visibility `pub(self)`
   --> crates/ds41rt-daemon/src/commands/real_full/coordinator_kernels/mod.rs:520:1
    |
520 | struct LmHeadResidentView {
    | ^^^^^^^^^^^^^^^^^^^^^^^^^

warning: type `coordinator_kernels::LmHeadResidentView` is more private than the item `validate_lm_head_preloaded_bf16_device_input`
   --> crates/ds41rt-daemon/src/commands/real_full/coordinator_kernels/sampling.rs:829:1
    |
829 | / pub(in crate::commands::real_full) fn validate_lm_head_preloaded_bf16_device_input(
830 | |     hidden: &DeviceBf16Output,
831 | |     full_vocab: usize,
832 | |     start_token_id: usize,
833 | |     vocab: usize,
834 | | ) -> Result<LmHeadResidentView> {
    | |_______________________________^ function `validate_lm_head_preloaded_bf16_device_input` is reachable at visibility `pub(in crate::commands::real_full)`
    |
note: but type `coordinator_kernels::LmHeadResidentView` is only usable at visibility `pub(self)`
   --> crates/ds41rt-daemon/src/commands/real_full/coordinator_kernels/mod.rs:520:1
    |
520 | struct LmHeadResidentView {
    | ^^^^^^^^^^^^^^^^^^^^^^^^^

warning: type `coordinator_kernels::LmHeadResidentView` is more private than the item `cuda_lm_head_argmax_bf16_preloaded_resident_weight`
    --> crates/ds41rt-daemon/src/commands/real_full/coordinator_kernels/sampling.rs:1483:1
     |
1483 | / pub(in crate::commands::real_full) fn cuda_lm_head_argmax_bf16_preloaded_resident_weight(
1484 | |     lm_head_name: &str,
1485 | |     hidden_bf16: &[u8],
1486 | |     rows: usize,
...    |
1489 | |     view: LmHeadResidentView,
1490 | | ) -> Result<LogitsArgmaxOutput> {
     | |_______________________________^ function `cuda_lm_head_argmax_bf16_preloaded_resident_weight` is reachable at visibility `pub(in crate::commands::real_full)`
     |
note: but type `coordinator_kernels::LmHeadResidentView` is only usable at visibility `pub(self)`
    --> crates/ds41rt-daemon/src/commands/real_full/coordinator_kernels/mod.rs:520:1
     |
 520 | struct LmHeadResidentView {
     | ^^^^^^^^^^^^^^^^^^^^^^^^^

warning: type `coordinator_kernels::CoordinatorCudaGraphWorkspaceSlot` is more private than the item `capture_or_update_terminal_lm_head_argmax_bf16_graph`
    --> crates/ds41rt-daemon/src/commands/real_full/coordinator_kernels/sampling.rs:1563:1
     |
1563 | / pub(in crate::commands::real_full) fn capture_or_update_terminal_lm_head_argmax_bf16_graph(
1564 | |     library: &'static NativeLibrary,
1565 | |     slot: &mut CoordinatorCudaGraphWorkspaceSlot,
1566 | |     signature: CoordinatorCudaGraphSignature,
...    |
1574 | |     label: &'static str,
1575 | | ) -> Result<()> {
     | |_______________^ function `capture_or_update_terminal_lm_head_argmax_bf16_graph` is reachable at visibility `pub(in crate::commands::real_full)`
     |
note: but type `coordinator_kernels::CoordinatorCudaGraphWorkspaceSlot` is only usable at visibility `pub(self)`
    --> crates/ds41rt-daemon/src/commands/real_full/coordinator_kernels/mod.rs:2131:1
     |
2131 | struct CoordinatorCudaGraphWorkspaceSlot {
     | ^^^^^^^^^^^^^^^^^^^^^^^^^^^^^^^^^^^^^^^^

warning: type `coordinator_kernels::CoordinatorCudaGraphSignature` is more private than the item `capture_or_update_terminal_lm_head_argmax_bf16_graph`
    --> crates/ds41rt-daemon/src/commands/real_full/coordinator_kernels/sampling.rs:1563:1
     |
1563 | / pub(in crate::commands::real_full) fn capture_or_update_terminal_lm_head_argmax_bf16_graph(
1564 | |     library: &'static NativeLibrary,
1565 | |     slot: &mut CoordinatorCudaGraphWorkspaceSlot,
1566 | |     signature: CoordinatorCudaGraphSignature,
...    |
1574 | |     label: &'static str,
1575 | | ) -> Result<()> {
     | |_______________^ function `capture_or_update_terminal_lm_head_argmax_bf16_graph` is reachable at visibility `pub(in crate::commands::real_full)`
     |
note: but type `coordinator_kernels::CoordinatorCudaGraphSignature` is only usable at visibility `pub(self)`
    --> crates/ds41rt-daemon/src/commands/real_full/coordinator_kernels/mod.rs:1376:1
     |
1376 | struct CoordinatorCudaGraphSignature {
     | ^^^^^^^^^^^^^^^^^^^^^^^^^^^^^^^^^^^^

warning: type `coordinator_kernels::CoordinatorCudaGraphWorkspaceSlot` is more private than the item `capture_or_update_terminal_lm_head_sample_topk_topp_bf16_graph`
    --> crates/ds41rt-daemon/src/commands/real_full/coordinator_kernels/sampling.rs:1636:1
     |
1636 | / pub(in crate::commands::real_full) fn capture_or_update_terminal_lm_head_sample_topk_topp_bf16_graph(
1637 | |     library: &'static NativeLibrary,
1638 | |     slot: &mut CoordinatorCudaGraphWorkspaceSlot,
1639 | |     signature: CoordinatorCudaGraphSignature,
...    |
1651 | |     label: &'static str,
1652 | | ) -> Result<()> {
     | |_______________^ function `capture_or_update_terminal_lm_head_sample_topk_topp_bf16_graph` is reachable at visibility `pub(in crate::commands::real_full)`
     |
note: but type `coordinator_kernels::CoordinatorCudaGraphWorkspaceSlot` is only usable at visibility `pub(self)`
    --> crates/ds41rt-daemon/src/commands/real_full/coordinator_kernels/mod.rs:2131:1
     |
2131 | struct CoordinatorCudaGraphWorkspaceSlot {
     | ^^^^^^^^^^^^^^^^^^^^^^^^^^^^^^^^^^^^^^^^

warning: type `coordinator_kernels::CoordinatorCudaGraphSignature` is more private than the item `capture_or_update_terminal_lm_head_sample_topk_topp_bf16_graph`
    --> crates/ds41rt-daemon/src/commands/real_full/coordinator_kernels/sampling.rs:1636:1
     |
1636 | / pub(in crate::commands::real_full) fn capture_or_update_terminal_lm_head_sample_topk_topp_bf16_graph(
1637 | |     library: &'static NativeLibrary,
1638 | |     slot: &mut CoordinatorCudaGraphWorkspaceSlot,
1639 | |     signature: CoordinatorCudaGraphSignature,
...    |
1651 | |     label: &'static str,
1652 | | ) -> Result<()> {
     | |_______________^ function `capture_or_update_terminal_lm_head_sample_topk_topp_bf16_graph` is reachable at visibility `pub(in crate::commands::real_full)`
     |
note: but type `coordinator_kernels::CoordinatorCudaGraphSignature` is only usable at visibility `pub(self)`
    --> crates/ds41rt-daemon/src/commands/real_full/coordinator_kernels/mod.rs:1376:1
     |
1376 | struct CoordinatorCudaGraphSignature {
     | ^^^^^^^^^^^^^^^^^^^^^^^^^^^^^^^^^^^^

warning: type `coordinator_kernels::CoordinatorCudaGraphWorkspaceSlot` is more private than the item `capture_or_update_terminal_triton_lm_head_sample_topk_topp_bf16_graph`
    --> crates/ds41rt-daemon/src/commands/real_full/coordinator_kernels/sampling.rs:1721:1
     |
1721 | / pub(in crate::commands::real_full) fn capture_or_update_terminal_triton_lm_head_sample_topk_topp_bf16_graph(
1722 | |     library: &'static NativeLibrary,
1723 | |     slot: &mut CoordinatorCudaGraphWorkspaceSlot,
1724 | |     signature: CoordinatorCudaGraphSignature,
...    |
1741 | |     label: &'static str,
1742 | | ) -> Result<()> {
     | |_______________^ function `capture_or_update_terminal_triton_lm_head_sample_topk_topp_bf16_graph` is reachable at visibility `pub(in crate::commands::real_full)`
     |
note: but type `coordinator_kernels::CoordinatorCudaGraphWorkspaceSlot` is only usable at visibility `pub(self)`
    --> crates/ds41rt-daemon/src/commands/real_full/coordinator_kernels/mod.rs:2131:1
     |
2131 | struct CoordinatorCudaGraphWorkspaceSlot {
     | ^^^^^^^^^^^^^^^^^^^^^^^^^^^^^^^^^^^^^^^^

warning: type `coordinator_kernels::CoordinatorCudaGraphSignature` is more private than the item `capture_or_update_terminal_triton_lm_head_sample_topk_topp_bf16_graph`
    --> crates/ds41rt-daemon/src/commands/real_full/coordinator_kernels/sampling.rs:1721:1
     |
1721 | / pub(in crate::commands::real_full) fn capture_or_update_terminal_triton_lm_head_sample_topk_topp_bf16_graph(
1722 | |     library: &'static NativeLibrary,
1723 | |     slot: &mut CoordinatorCudaGraphWorkspaceSlot,
1724 | |     signature: CoordinatorCudaGraphSignature,
...    |
1741 | |     label: &'static str,
1742 | | ) -> Result<()> {
     | |_______________^ function `capture_or_update_terminal_triton_lm_head_sample_topk_topp_bf16_graph` is reachable at visibility `pub(in crate::commands::real_full)`
     |
note: but type `coordinator_kernels::CoordinatorCudaGraphSignature` is only usable at visibility `pub(self)`
    --> crates/ds41rt-daemon/src/commands/real_full/coordinator_kernels/mod.rs:1376:1
     |
1376 | struct CoordinatorCudaGraphSignature {
     | ^^^^^^^^^^^^^^^^^^^^^^^^^^^^^^^^^^^^

warning: type `coordinator_kernels::LmHeadResidentView` is more private than the item `cuda_lm_head_argmax_bf16_preloaded_resident_weight_device_input_graph_slot`
    --> crates/ds41rt-daemon/src/commands/real_full/coordinator_kernels/sampling.rs:2294:1
     |
2294 | / pub(in crate::commands::real_full) fn cuda_lm_head_argmax_bf16_preloaded_resident_weight_device_input_graph_slot(
2295 | |     graph_key: &CoordinatorGraphKey,
2296 | |     lm_head_name: &str,
2297 | |     hidden_buffer: Ds41rtDeviceBuffer,
...    |
2301 | |     view: LmHeadResidentView,
2302 | | ) -> Result<LogitsArgmaxOutput> {
     | |_______________________________^ function `cuda_lm_head_argmax_bf16_preloaded_resident_weight_device_input_graph_slot` is reachable at visibility `pub(in crate::commands::real_full)`
     |
note: but type `coordinator_kernels::LmHeadResidentView` is only usable at visibility `pub(self)`
    --> crates/ds41rt-daemon/src/commands/real_full/coordinator_kernels/mod.rs:520:1
     |
 520 | struct LmHeadResidentView {
     | ^^^^^^^^^^^^^^^^^^^^^^^^^

warning: type `coordinator_kernels::LmHeadResidentView` is more private than the item `cuda_lm_head_argmax_bf16_preloaded_resident_weight_device_input`
    --> crates/ds41rt-daemon/src/commands/real_full/coordinator_kernels/sampling.rs:2384:1
     |
2384 | / pub(in crate::commands::real_full) fn cuda_lm_head_argmax_bf16_preloaded_resident_weight_device_input(
2385 | |     lm_head_name: &str,
2386 | |     hidden_buffer: Ds41rtDeviceBuffer,
2387 | |     rows: usize,
...    |
2390 | |     view: LmHeadResidentView,
2391 | | ) -> Result<LogitsArgmaxOutput> {
     | |_______________________________^ function `cuda_lm_head_argmax_bf16_preloaded_resident_weight_device_input` is reachable at visibility `pub(in crate::commands::real_full)`
     |
note: but type `coordinator_kernels::LmHeadResidentView` is only usable at visibility `pub(self)`
    --> crates/ds41rt-daemon/src/commands/real_full/coordinator_kernels/mod.rs:520:1
     |
 520 | struct LmHeadResidentView {
     | ^^^^^^^^^^^^^^^^^^^^^^^^^

warning: type `coordinator_kernels::LmHeadResidentView` is more private than the item `cuda_lm_head_sample_topk_topp_bf16_preloaded_resident_weight`
    --> crates/ds41rt-daemon/src/commands/real_full/coordinator_kernels/sampling.rs:2702:1
     |
2702 | / pub(in crate::commands::real_full) fn cuda_lm_head_sample_topk_topp_bf16_preloaded_resident_weight(
2703 | |     lm_head_name: &str,
2704 | |     hidden_bf16: &[u8],
2705 | |     random_uniforms: &[f32],
...    |
2712 | |     view: LmHeadResidentView,
2713 | | ) -> Result<LogitsSampleTopKToppOutput> {
     | |_______________________________________^ function `cuda_lm_head_sample_topk_topp_bf16_preloaded_resident_weight` is reachable at visibility `pub(in crate::commands::real_full)`
     |
note: but type `coordinator_kernels::LmHeadResidentView` is only usable at visibility `pub(self)`
    --> crates/ds41rt-daemon/src/commands/real_full/coordinator_kernels/mod.rs:520:1
     |
 520 | struct LmHeadResidentView {
     | ^^^^^^^^^^^^^^^^^^^^^^^^^

warning: type `coordinator_kernels::LmHeadResidentView` is more private than the item `cuda_lm_head_sample_topk_topp_bf16_preloaded_resident_weight_device_input_graph_slot`
    --> crates/ds41rt-daemon/src/commands/real_full/coordinator_kernels/sampling.rs:2805:1
     |
2805 | / pub(in crate::commands::real_full) fn cuda_lm_head_sample_topk_topp_bf16_preloaded_resident_weight_device_input_graph_slot(
2806 | |     graph_key: &CoordinatorGraphKey,
2807 | |     lm_head_name: &str,
2808 | |     hidden_buffer: Ds41rtDeviceBuffer,
...    |
2816 | |     view: LmHeadResidentView,
2817 | | ) -> Result<LogitsSampleTopKToppOutput> {
     | |_______________________________________^ function `cuda_lm_head_sample_topk_topp_bf16_preloaded_resident_weight_device_input_graph_slot` is reachable at visibility `pub(in crate::commands::real_full)`
     |
note: but type `coordinator_kernels::LmHeadResidentView` is only usable at visibility `pub(self)`
    --> crates/ds41rt-daemon/src/commands/real_full/coordinator_kernels/mod.rs:520:1
     |
 520 | struct LmHeadResidentView {
     | ^^^^^^^^^^^^^^^^^^^^^^^^^

warning: type `coordinator_kernels::LmHeadResidentView` is more private than the item `cuda_lm_head_sample_topk_topp_bf16_preloaded_resident_weight_device_input`
    --> crates/ds41rt-daemon/src/commands/real_full/coordinator_kernels/sampling.rs:3631:1
     |
3631 | / pub(in crate::commands::real_full) fn cuda_lm_head_sample_topk_topp_bf16_preloaded_resident_weight_device_input(
3632 | |     lm_head_name: &str,
3633 | |     hidden_buffer: Ds41rtDeviceBuffer,
3634 | |     random_uniforms: &[f32],
...    |
3641 | |     view: LmHeadResidentView,
3642 | | ) -> Result<LogitsSampleTopKToppOutput> {
     | |_______________________________________^ function `cuda_lm_head_sample_topk_topp_bf16_preloaded_resident_weight_device_input` is reachable at visibility `pub(in crate::commands::real_full)`
     |
note: but type `coordinator_kernels::LmHeadResidentView` is only usable at visibility `pub(self)`
    --> crates/ds41rt-daemon/src/commands/real_full/coordinator_kernels/mod.rs:520:1
     |
 520 | struct LmHeadResidentView {
     | ^^^^^^^^^^^^^^^^^^^^^^^^^

warning: type `coordinator_kernels::CoordinatorCudaScratchSlot` is more private than the item `workspace::COORDINATOR_CUDA_SCRATCH_SLOTS`
   --> crates/ds41rt-daemon/src/commands/real_full/coordinator_kernels/workspace.rs:660:1
    |
660 | / pub(in crate::commands::real_full) const COORDINATOR_CUDA_SCRATCH_SLOTS:
661 | |     [CoordinatorCudaScratchSlot; 22] = [
    | |____________________________________^ constant `workspace::COORDINATOR_CUDA_SCRATCH_SLOTS` is reachable at visibility `pub(in crate::commands::real_full)`
    |
note: but type `coordinator_kernels::CoordinatorCudaScratchSlot` is only usable at visibility `pub(self)`
   --> crates/ds41rt-daemon/src/commands/real_full/coordinator_kernels/mod.rs:612:1
    |
612 | enum CoordinatorCudaScratchSlot {
    | ^^^^^^^^^^^^^^^^^^^^^^^^^^^^^^^

warning: type `v41_compressor::source_cache::IndexPlan` is more private than the item `v41_compressor::source_cache::SourceCache::<'a>::copy_shared_tails`
   --> crates/ds41rt-daemon/src/v41_compressor/source_cache.rs:243:5
    |
243 |     pub unsafe fn copy_shared_tails(&self, plan: &IndexPlan, stream: *mut c_void) -> Result<()> {
    |     ^^^^^^^^^^^^^^^^^^^^^^^^^^^^^^^^^^^^^^^^^^^^^^^^^^^^^^^^^^^^^^^^^^^^^^^^^^^^^^^^^^^^^^^^^^^ method `v41_compressor::source_cache::SourceCache::<'a>::copy_shared_tails` is reachable at visibility `pub(crate)`
    |
note: but type `v41_compressor::source_cache::IndexPlan` is only usable at visibility `pub(in crate::v41_compressor)`
   --> crates/ds41rt-daemon/src/v41_compressor/source_cache.rs:50:1
    |
 50 | pub(super) struct IndexPlan {
    | ^^^^^^^^^^^^^^^^^^^^^^^^^^^

warning: type `v41_compressor::source_cache::IndexPlan` is more private than the item `v41_compressor::source_cache::SourceCache::<'a>::upload`
   --> crates/ds41rt-daemon/src/v41_compressor/source_cache.rs:268:5
    |
268 |     pub unsafe fn upload(&mut self, plan: &IndexPlan, stream: *mut c_void) -> Result<()> {
    |     ^^^^^^^^^^^^^^^^^^^^^^^^^^^^^^^^^^^^^^^^^^^^^^^^^^^^^^^^^^^^^^^^^^^^^^^^^^^^^^^^^^^^ method `v41_compressor::source_cache::SourceCache::<'a>::upload` is reachable at visibility `pub(crate)`
    |
note: but type `v41_compressor::source_cache::IndexPlan` is only usable at visibility `pub(in crate::v41_compressor)`
   --> crates/ds41rt-daemon/src/v41_compressor/source_cache.rs:50:1
    |
 50 | pub(super) struct IndexPlan {
    | ^^^^^^^^^^^^^^^^^^^^^^^^^^^

warning: type `v41_compressor::source_cache::IndexPlan` is more private than the item `v41_compressor::source_cache::SourceCache::<'a>::upload_staged`
   --> crates/ds41rt-daemon/src/v41_compressor/source_cache.rs:277:5
    |
277 |     pub unsafe fn upload_staged(&self, plan: &IndexPlan, staging: &mut [u8], stream: *mut c_void) -> Result<()> {
    |     ^^^^^^^^^^^^^^^^^^^^^^^^^^^^^^^^^^^^^^^^^^^^^^^^^^^^^^^^^^^^^^^^^^^^^^^^^^^^^^^^^^^^^^^^^^^^^^^^^^^^^^^^^^^ method `v41_compressor::source_cache::SourceCache::<'a>::upload_staged` is reachable at visibility `pub(crate)`
    |
note: but type `v41_compressor::source_cache::IndexPlan` is only usable at visibility `pub(in crate::v41_compressor)`
   --> crates/ds41rt-daemon/src/v41_compressor/source_cache.rs:50:1
    |
 50 | pub(super) struct IndexPlan {
    | ^^^^^^^^^^^^^^^^^^^^^^^^^^^

warning: type `v41_compressor::source_cache::IndexPlan` is more private than the item `v41_compressor::source_cache::SourceCache::<'a>::validate_plan`
   --> crates/ds41rt-daemon/src/v41_compressor/source_cache.rs:283:5
    |
283 |     pub fn validate_plan(&self, plan: &IndexPlan) -> Result<()> {
    |     ^^^^^^^^^^^^^^^^^^^^^^^^^^^^^^^^^^^^^^^^^^^^^^^^^^^^^^^^^^^ method `v41_compressor::source_cache::SourceCache::<'a>::validate_plan` is reachable at visibility `pub(crate)`
    |
note: but type `v41_compressor::source_cache::IndexPlan` is only usable at visibility `pub(in crate::v41_compressor)`
   --> crates/ds41rt-daemon/src/v41_compressor/source_cache.rs:50:1
    |
 50 | pub(super) struct IndexPlan {
    | ^^^^^^^^^^^^^^^^^^^^^^^^^^^

warning: type `v41_compressor::source_cache::IndexPlan` is more private than the item `v41_compressor::source_cache::SourceCache::<'a>::reserve`
   --> crates/ds41rt-daemon/src/v41_compressor/source_cache.rs:292:5
    |
292 |     pub fn reserve(&self, appends: &[(usize, usize, usize)]) -> Result<IndexPlan> {
    |     ^^^^^^^^^^^^^^^^^^^^^^^^^^^^^^^^^^^^^^^^^^^^^^^^^^^^^^^^^^^^^^^^^^^^^^^^^^^^^ method `v41_compressor::source_cache::SourceCache::<'a>::reserve` is reachable at visibility `pub(crate)`
    |
note: but type `v41_compressor::source_cache::IndexPlan` is only usable at visibility `pub(in crate::v41_compressor)`
   --> crates/ds41rt-daemon/src/v41_compressor/source_cache.rs:50:1
    |
 50 | pub(super) struct IndexPlan {
    | ^^^^^^^^^^^^^^^^^^^^^^^^^^^

warning: type `v41_compressor::source_cache::IndexPlan` is more private than the item `v41_compressor::source_cache::SourceCache::<'a>::destination`
   --> crates/ds41rt-daemon/src/v41_compressor/source_cache.rs:371:5
    |
371 |     pub fn destination(&self, plan: &IndexPlan, slot: usize, row: usize) -> Result<u64> {
    |     ^^^^^^^^^^^^^^^^^^^^^^^^^^^^^^^^^^^^^^^^^^^^^^^^^^^^^^^^^^^^^^^^^^^^^^^^^^^^^^^^^^^ method `v41_compressor::source_cache::SourceCache::<'a>::destination` is reachable at visibility `pub(crate)`
    |
note: but type `v41_compressor::source_cache::IndexPlan` is only usable at visibility `pub(in crate::v41_compressor)`
   --> crates/ds41rt-daemon/src/v41_compressor/source_cache.rs:50:1
    |
 50 | pub(super) struct IndexPlan {
    | ^^^^^^^^^^^^^^^^^^^^^^^^^^^

warning: type `v41_compressor::source_cache::IndexPlan` is more private than the item `v41_compressor::source_cache::SourceCache::<'a>::apply`
   --> crates/ds41rt-daemon/src/v41_compressor/source_cache.rs:394:5
    |
394 |     pub fn apply(&mut self, mut plan: IndexPlan) {
    |     ^^^^^^^^^^^^^^^^^^^^^^^^^^^^^^^^^^^^^^^^^^^^ method `v41_compressor::source_cache::SourceCache::<'a>::apply` is reachable at visibility `pub(crate)`
    |
note: but type `v41_compressor::source_cache::IndexPlan` is only usable at visibility `pub(in crate::v41_compressor)`
   --> crates/ds41rt-daemon/src/v41_compressor/source_cache.rs:50:1
    |
 50 | pub(super) struct IndexPlan {
    | ^^^^^^^^^^^^^^^^^^^^^^^^^^^

warning: type `v41_compressor::source_cache::IndexPlan` is more private than the item `v41_compressor::source_cache::replica::SourceReplica::<'a>::copy_append`
  --> crates/ds41rt-daemon/src/v41_compressor/source_cache/replica.rs:85:5
   |
85 | /     pub unsafe fn copy_append(&self, source: &SourceCache<'_>, plan: &IndexPlan,
86 | |         stream: *mut c_void) -> Result<()> {
   | |__________________________________________^ method `v41_compressor::source_cache::replica::SourceReplica::<'a>::copy_append` is reachable at visibility `pub(crate)`
   |
note: but type `v41_compressor::source_cache::IndexPlan` is only usable at visibility `pub(in crate::v41_compressor)`
  --> crates/ds41rt-daemon/src/v41_compressor/source_cache.rs:50:1
   |
50 | pub(super) struct IndexPlan {
   | ^^^^^^^^^^^^^^^^^^^^^^^^^^^

warning: type `v41_native_serve::scheduler::admission::Wake<'_>` is more private than the item `ServingTarget::decode_round`
  --> crates/ds41rt-daemon/src/v41_native_serve/scheduler/layout.rs:11:5
   |
11 | /     fn decode_round(lib: &'a NativeLibrary, runtime: &tokio::runtime::Runtime,
12 | |         first: &mut Self, second: &mut Self, requests: &mut Requests<'a>,
13 | |         first_transport: &mut Self::Transport, second_transport: &mut Self::Transport,
14 | |         active: &mut [Option<Active<'a>>], members: &[Vec<usize>; 2],
15 | |         draft: Option<&mut DraftRuntime<'w, 'a, Self::Chain>>,
16 | |         prefixes: &mut PrefixCache<'a>, receive: &mpsc::Receiver<NativeRequest>, wake: admission::Wake<'_>) -> Result<()>;
   | |__________________________________________________________________________________________________________________________^ associated function `ServingTarget::decode_round` is reachable at visibility `pub(in crate::v41_native_serve)`
   |
note: but type `v41_native_serve::scheduler::admission::Wake<'_>` is only usable at visibility `pub(in crate::v41_native_serve::scheduler)`
  --> crates/ds41rt-daemon/src/v41_native_serve/scheduler/admission.rs:33:1
   |
33 | pub(super) struct Wake<'p> {
   | ^^^^^^^^^^^^^^^^^^^^^^^^^^

warning: type `v41_native_serve::scheduler::admission::Wake<'_>` is more private than the item `<v41_target_pass::TargetPass<'_, 'a> as ServingTarget<'w, 'a>>::decode_round`
  --> crates/ds41rt-daemon/src/v41_native_serve/scheduler/layout.rs:27:5
   |
27 | /     fn decode_round(lib: &'a NativeLibrary, runtime: &tokio::runtime::Runtime,
28 | |         first: &mut Self, second: &mut Self, requests: &mut Requests<'a>,
29 | |         first_transport: &mut Self::Transport, second_transport: &mut Self::Transport,
30 | |         active: &mut [Option<Active<'a>>], members: &[Vec<usize>; 2],
31 | |         draft: Option<&mut DraftRuntime<'w, 'a, Self::Chain>>,
32 | |         prefixes: &mut PrefixCache<'a>, receive: &mpsc::Receiver<NativeRequest>, wake: admission::Wake<'_>) -> Result<()> {
   | |_________________________________________________________________________________________________________________________^ associated function `<v41_target_pass::TargetPass<'_, 'a> as ServingTarget<'w, 'a>>::decode_round` is reachable at visibility `pub(in crate::v41_native_serve)`
   |
note: but type `v41_native_serve::scheduler::admission::Wake<'_>` is only usable at visibility `pub(in crate::v41_native_serve::scheduler)`
  --> crates/ds41rt-daemon/src/v41_native_serve/scheduler/admission.rs:33:1
   |
33 | pub(super) struct Wake<'p> {
   | ^^^^^^^^^^^^^^^^^^^^^^^^^^

warning: type `v41_native_serve::scheduler::admission::Wake<'_>` is more private than the item `<v41_target_pass::distributed::DistributedTargetPass<'_, 'a> as ServingTarget<'w, 'a>>::decode_round`
  --> crates/ds41rt-daemon/src/v41_native_serve/scheduler/layout.rs:56:5
   |
56 | /     fn decode_round(lib: &'a NativeLibrary, runtime: &tokio::runtime::Runtime,
57 | |         first: &mut Self, second: &mut Self, requests: &mut Requests<'a>,
58 | |         first_transport: &mut Self::Transport, second_transport: &mut Self::Transport,
59 | |         active: &mut [Option<Active<'a>>], _members: &[Vec<usize>; 2],
60 | |         draft: Option<&mut DraftRuntime<'w, 'a, Self::Chain>>,
61 | |         prefixes: &mut PrefixCache<'a>, receive: &mpsc::Receiver<NativeRequest>, wake: admission::Wake<'_>) -> Result<()> {
   | |_________________________________________________________________________________________________________________________^ associated function `<v41_target_pass::distributed::DistributedTargetPass<'_, 'a> as ServingTarget<'w, 'a>>::decode_round` is reachable at visibility `pub(in crate::v41_native_serve)`
   |
note: but type `v41_native_serve::scheduler::admission::Wake<'_>` is only usable at visibility `pub(in crate::v41_native_serve::scheduler)`
  --> crates/ds41rt-daemon/src/v41_native_serve/scheduler/admission.rs:33:1
   |
33 | pub(super) struct Wake<'p> {
   | ^^^^^^^^^^^^^^^^^^^^^^^^^^

warning: struct `CudaEvent` is never constructed
   --> crates/ds41rt-daemon/src/commands/bench_cuda_kernels.rs:172:8
    |
172 | struct CudaEvent<'a> {
    |        ^^^^^^^^^
    |
    = note: `#[warn(dead_code)]` (part of `#[warn(unused)]`) on by default

warning: associated items `new` and `raw` are never used
   --> crates/ds41rt-daemon/src/commands/bench_cuda_kernels.rs:178:8
    |
177 | impl<'a> CudaEvent<'a> {
    | ---------------------- associated items in this implementation
178 |     fn new(library: &'a NativeLibrary) -> Result<Self> {
    |        ^^^
...
185 |     fn raw(&self) -> *mut c_void {
    |        ^^^

warning: function `read_expert_owner_lookup` is never used
  --> crates/ds41rt-daemon/src/commands/model_artifacts/loadplan.rs:78:15
   |
78 | pub(crate) fn read_expert_owner_lookup(path: &Path) -> Result<ExpertOwnerLookup> {
   |               ^^^^^^^^^^^^^^^^^^^^^^^^

warning: field `words_per_row` is never read
   --> crates/ds41rt-daemon/src/commands/real_full/constraint.rs:132:16
    |
130 | pub(super) struct RealFullConstraintMasks {
    |                   ----------------------- field in this struct
131 |     pub(super) rows: usize,
132 |     pub(super) words_per_row: usize,
    |                ^^^^^^^^^^^^^

warning: method `allows` is never used
   --> crates/ds41rt-daemon/src/commands/real_full/constraint.rs:137:19
    |
136 | impl RealFullConstraintMasks {
    | ---------------------------- method in this implementation
137 |     pub(super) fn allows(&self, row: usize, token_id: usize) -> bool {
    |                   ^^^^^^

warning: struct `RealFullConstraintBranch` is never constructed
   --> crates/ds41rt-daemon/src/commands/real_full/constraint.rs:157:19
    |
157 | pub(super) struct RealFullConstraintBranch {
    |                   ^^^^^^^^^^^^^^^^^^^^^^^^

warning: method `draft_branch` is never used
   --> crates/ds41rt-daemon/src/commands/real_full/constraint.rs:201:19
    |
163 | impl RealFullConstraintState {
    | ---------------------------- method in this implementation
...
201 |     pub(super) fn draft_branch(
    |                   ^^^^^^^^^^^^

warning: methods `is_completed`, `next_mask`, and `accept` are never used
   --> crates/ds41rt-daemon/src/commands/real_full/constraint.rs:290:19
    |
289 | impl RealFullConstraintBranch {
    | ----------------------------- methods in this implementation
290 |     pub(super) fn is_completed(&self) -> Result<bool> {
    |                   ^^^^^^^^^^^^
...
296 |     pub(super) fn next_mask(&mut self) -> Result<RealFullConstraintMasks> {
    |                   ^^^^^^^^^
...
318 |     pub(super) fn accept(&mut self, token_ids: &[usize]) -> Result<()> {
    |                   ^^^^^^

warning: struct `GatherRowsBf16Output` is never constructed
   --> crates/ds41rt-daemon/src/commands/real_full/coordinator_kernels/mod.rs:125:43
    |
125 | pub(in crate::commands::real_full) struct GatherRowsBf16Output {
    |                                           ^^^^^^^^^^^^^^^^^^^^

warning: struct `ScatterAddRowsBf16ToF32Output` is never constructed
   --> crates/ds41rt-daemon/src/commands/real_full/coordinator_kernels/mod.rs:131:43
    |
131 | pub(in crate::commands::real_full) struct ScatterAddRowsBf16ToF32Output {
    |                                           ^^^^^^^^^^^^^^^^^^^^^^^^^^^^^

warning: fields `values` and `backend` are never read
   --> crates/ds41rt-daemon/src/commands/real_full/coordinator_kernels/mod.rs:138:40
    |
137 | pub(in crate::commands::real_full) struct RmsNormOutput {
    |                                           ------------- fields in this struct
138 |     pub(in crate::commands::real_full) values: Vec<f32>,
    |                                        ^^^^^^
139 |     pub(in crate::commands::real_full) backend: &'static str,
    |                                        ^^^^^^^
    |
    = note: `RmsNormOutput` has a derived impl for the trait `Debug`, but this is intentionally ignored during dead code analysis

warning: field `values` is never read
   --> crates/ds41rt-daemon/src/commands/real_full/coordinator_kernels/mod.rs:309:40
    |
308 | pub(in crate::commands::real_full) struct SiluGatedMlpOutput {
    |                                           ------------------ field in this struct
309 |     pub(in crate::commands::real_full) values: Vec<f32>,
    |                                        ^^^^^^
    |
    = note: `SiluGatedMlpOutput` has a derived impl for the trait `Debug`, but this is intentionally ignored during dead code analysis

warning: field `values` is never read
   --> crates/ds41rt-daemon/src/commands/real_full/coordinator_kernels/mod.rs:361:40
    |
360 | pub(in crate::commands::real_full) struct CausalAttentionOutput {
    |                                           --------------------- field in this struct
361 |     pub(in crate::commands::real_full) values: Vec<f32>,
    |                                        ^^^^^^
    |
    = note: `CausalAttentionOutput` has a derived impl for the trait `Debug`, but this is intentionally ignored during dead code analysis

warning: field `values` is never read
   --> crates/ds41rt-daemon/src/commands/real_full/coordinator_kernels/mod.rs:367:40
    |
366 | pub(in crate::commands::real_full) struct RopeOutput {
    |                                           ---------- field in this struct
367 |     pub(in crate::commands::real_full) values: Vec<f32>,
    |                                        ^^^^^^
    |
    = note: `RopeOutput` has a derived impl for the trait `Debug`, but this is intentionally ignored during dead code analysis

warning: field `values` is never read
   --> crates/ds41rt-daemon/src/commands/real_full/coordinator_kernels/mod.rs:373:40
    |
372 | pub(in crate::commands::real_full) struct MlaRopeAttentionOutput {
    |                                           ---------------------- field in this struct
373 |     pub(in crate::commands::real_full) values: Vec<f32>,
    |                                        ^^^^^^
    |
    = note: `MlaRopeAttentionOutput` has a derived impl for the trait `Debug`, but this is intentionally ignored during dead code analysis

warning: method `resident_weight_buffer_from_host_staging` is never used
   --> crates/ds41rt-daemon/src/commands/real_full/coordinator_kernels/mod.rs:929:8
    |
890 | impl CoordinatorCudaResidentWeights {
    | ----------------------------------- method in this implementation
...
929 |     fn resident_weight_buffer_from_host_staging(
    |        ^^^^^^^^^^^^^^^^^^^^^^^^^^^^^^^^^^^^^^^^

warning: associated functions `causal_attention_bf16` and `scatter_add_bf16_to_f32` are never used
    --> crates/ds41rt-daemon/src/commands/real_full/coordinator_kernels/mod.rs:1827:8
     |
1386 | impl CoordinatorCudaGraphSignature {
     | ---------------------------------- associated functions in this implementation
...
1827 |     fn causal_attention_bf16(
     |        ^^^^^^^^^^^^^^^^^^^^^
...
1846 |     fn scatter_add_bf16_to_f32(dst_rows: usize, row_width: usize, index_count: usize) -> Self {
     |        ^^^^^^^^^^^^^^^^^^^^^^^

warning: constant `FLASHINFER_PACKED_FP8_MLA_PREFILL_PREPARE_FUNCTION` is never used
  --> crates/ds41rt-daemon/src/commands/real_full/coordinator_kernels/attention.rs:86:7
   |
86 | const FLASHINFER_PACKED_FP8_MLA_PREFILL_PREPARE_FUNCTION: &str =
   |       ^^^^^^^^^^^^^^^^^^^^^^^^^^^^^^^^^^^^^^^^^^^^^^^^^^

warning: constant `FLASHINFER_PACKED_FP8_MLA_PREFILL_CAPTURE_FUNCTION` is never used
  --> crates/ds41rt-daemon/src/commands/real_full/coordinator_kernels/attention.rs:88:7
   |
88 | const FLASHINFER_PACKED_FP8_MLA_PREFILL_CAPTURE_FUNCTION: &str =
   |       ^^^^^^^^^^^^^^^^^^^^^^^^^^^^^^^^^^^^^^^^^^^^^^^^^^

warning: constant `SPARKINFER_NVFP4_MLA_DECODE_PREPARE_FUNCTION` is never used
  --> crates/ds41rt-daemon/src/commands/real_full/coordinator_kernels/attention.rs:90:7
   |
90 | const SPARKINFER_NVFP4_MLA_DECODE_PREPARE_FUNCTION: &str = "prepare_sparkinfer_nvfp4_mla_decode";
   |       ^^^^^^^^^^^^^^^^^^^^^^^^^^^^^^^^^^^^^^^^^^^^

warning: constant `SPARKINFER_NVFP4_MLA_DECODE_CAPTURE_FUNCTION` is never used
  --> crates/ds41rt-daemon/src/commands/real_full/coordinator_kernels/attention.rs:91:7
   |
91 | const SPARKINFER_NVFP4_MLA_DECODE_CAPTURE_FUNCTION: &str = "capture_sparkinfer_nvfp4_mla_decode";
   |       ^^^^^^^^^^^^^^^^^^^^^^^^^^^^^^^^^^^^^^^^^^^^

warning: constant `SPARKINFER_NVFP4_MLA_PREFILL_PREPARE_FUNCTION` is never used
  --> crates/ds41rt-daemon/src/commands/real_full/coordinator_kernels/attention.rs:92:7
   |
92 | const SPARKINFER_NVFP4_MLA_PREFILL_PREPARE_FUNCTION: &str = "prepare_sparkinfer_nvfp4_mla_prefill";
   |       ^^^^^^^^^^^^^^^^^^^^^^^^^^^^^^^^^^^^^^^^^^^^^

warning: constant `SPARKINFER_NVFP4_MLA_PREFILL_CAPTURE_FUNCTION` is never used
  --> crates/ds41rt-daemon/src/commands/real_full/coordinator_kernels/attention.rs:93:7
   |
93 | const SPARKINFER_NVFP4_MLA_PREFILL_CAPTURE_FUNCTION: &str = "capture_sparkinfer_nvfp4_mla_prefill";
   |       ^^^^^^^^^^^^^^^^^^^^^^^^^^^^^^^^^^^^^^^^^^^^^

warning: function `mla_rope_attention_rows_bf16_for_layer` is never used
   --> crates/ds41rt-daemon/src/commands/real_full/coordinator_kernels/attention.rs:518:39
    |
518 | pub(in crate::commands::real_full) fn mla_rope_attention_rows_bf16_for_layer(
    |                                       ^^^^^^^^^^^^^^^^^^^^^^^^^^^^^^^^^^^^^^

warning: function `rope_rows_bf16_for_layer` is never used
   --> crates/ds41rt-daemon/src/commands/real_full/coordinator_kernels/attention.rs:613:39
    |
613 | pub(in crate::commands::real_full) fn rope_rows_bf16_for_layer(
    |                                       ^^^^^^^^^^^^^^^^^^^^^^^^

warning: function `causal_attention_rows_bf16_for_layer` is never used
   --> crates/ds41rt-daemon/src/commands/real_full/coordinator_kernels/attention.rs:702:39
    |
702 | pub(in crate::commands::real_full) fn causal_attention_rows_bf16_for_layer(
    |                                       ^^^^^^^^^^^^^^^^^^^^^^^^^^^^^^^^^^^^

warning: function `rope_graph_input_bytes` is never used
    --> crates/ds41rt-daemon/src/commands/real_full/coordinator_kernels/attention.rs:1472:39
     |
1472 | pub(in crate::commands::real_full) fn rope_graph_input_bytes(
     |                                       ^^^^^^^^^^^^^^^^^^^^^^

warning: function `rope_graph_position_bytes` is never used
    --> crates/ds41rt-daemon/src/commands/real_full/coordinator_kernels/attention.rs:1487:39
     |
1487 | pub(in crate::commands::real_full) fn rope_graph_position_bytes(
     |                                       ^^^^^^^^^^^^^^^^^^^^^^^^^

warning: function `cuda_rope_rows_bf16_for_layer` is never used
    --> crates/ds41rt-daemon/src/commands/real_full/coordinator_kernels/attention.rs:1513:39
     |
1513 | pub(in crate::commands::real_full) fn cuda_rope_rows_bf16_for_layer(
     |                                       ^^^^^^^^^^^^^^^^^^^^^^^^^^^^^

warning: function `cuda_mla_rope_attention_rows_bf16_for_layer` is never used
    --> crates/ds41rt-daemon/src/commands/real_full/coordinator_kernels/attention.rs:1891:39
     |
1891 | pub(in crate::commands::real_full) fn cuda_mla_rope_attention_rows_bf16_for_layer(
     |                                       ^^^^^^^^^^^^^^^^^^^^^^^^^^^^^^^^^^^^^^^^^^^

warning: function `mla_rope_attention_graph_nope_bytes` is never used
    --> crates/ds41rt-daemon/src/commands/real_full/coordinator_kernels/attention.rs:6732:39
     |
6732 | pub(in crate::commands::real_full) fn mla_rope_attention_graph_nope_bytes(
     |                                       ^^^^^^^^^^^^^^^^^^^^^^^^^^^^^^^^^^^

warning: function `mla_rope_attention_graph_q_rope_bytes` is never used
    --> crates/ds41rt-daemon/src/commands/real_full/coordinator_kernels/attention.rs:6747:39
     |
6747 | pub(in crate::commands::real_full) fn mla_rope_attention_graph_q_rope_bytes(
     |                                       ^^^^^^^^^^^^^^^^^^^^^^^^^^^^^^^^^^^^^

warning: function `mla_rope_attention_graph_k_rope_bytes` is never used
    --> crates/ds41rt-daemon/src/commands/real_full/coordinator_kernels/attention.rs:6762:39
     |
6762 | pub(in crate::commands::real_full) fn mla_rope_attention_graph_k_rope_bytes(
     |                                       ^^^^^^^^^^^^^^^^^^^^^^^^^^^^^^^^^^^^^

warning: function `mla_rope_attention_graph_value_bytes` is never used
    --> crates/ds41rt-daemon/src/commands/real_full/coordinator_kernels/attention.rs:6775:39
     |
6775 | pub(in crate::commands::real_full) fn mla_rope_attention_graph_value_bytes(
     |                                       ^^^^^^^^^^^^^^^^^^^^^^^^^^^^^^^^^^^^

warning: function `cuda_causal_attention_rows_bf16_for_layer` is never used
    --> crates/ds41rt-daemon/src/commands/real_full/coordinator_kernels/attention.rs:7007:39
     |
7007 | pub(in crate::commands::real_full) fn cuda_causal_attention_rows_bf16_for_layer(
     |                                       ^^^^^^^^^^^^^^^^^^^^^^^^^^^^^^^^^^^^^^^^^

warning: function `capture_or_update_layer_causal_attention_bf16_graph` is never used
    --> crates/ds41rt-daemon/src/commands/real_full/coordinator_kernels/attention.rs:7120:39
     |
7120 | pub(in crate::commands::real_full) fn capture_or_update_layer_causal_attention_bf16_graph(
     |                                       ^^^^^^^^^^^^^^^^^^^^^^^^^^^^^^^^^^^^^^^^^^^^^^^^^^^

warning: function `causal_attention_graph_qk_bytes` is never used
    --> crates/ds41rt-daemon/src/commands/real_full/coordinator_kernels/attention.rs:7198:39
     |
7198 | pub(in crate::commands::real_full) fn causal_attention_graph_qk_bytes(
     |                                       ^^^^^^^^^^^^^^^^^^^^^^^^^^^^^^^

warning: function `causal_attention_graph_value_bytes` is never used
    --> crates/ds41rt-daemon/src/commands/real_full/coordinator_kernels/attention.rs:7213:39
     |
7213 | pub(in crate::commands::real_full) fn causal_attention_graph_value_bytes(
     |                                       ^^^^^^^^^^^^^^^^^^^^^^^^^^^^^^^^^^

warning: function `causal_attention_graph_signature` is never used
    --> crates/ds41rt-daemon/src/commands/real_full/coordinator_kernels/attention.rs:7228:39
     |
7228 | pub(in crate::commands::real_full) fn causal_attention_graph_signature(
     |                                       ^^^^^^^^^^^^^^^^^^^^^^^^^^^^^^^^

warning: function `plan_deepseek_v4_dspark_device_storage` is never used
   --> crates/ds41rt-daemon/src/commands/real_full/coordinator_kernels/dspark.rs:242:39
    |
242 | pub(in crate::commands::real_full) fn plan_deepseek_v4_dspark_device_storage(
    |                                       ^^^^^^^^^^^^^^^^^^^^^^^^^^^^^^^^^^^^^^

warning: fields `target_row_start`, `rows`, `graph_rows`, `projected_target_main`, and `stream` are never read
    --> crates/ds41rt-daemon/src/commands/real_full/coordinator_kernels/dspark.rs:1243:40
     |
1242 | pub(in crate::commands::real_full) struct DeepseekV4DsparkProjectedMainChunk {
     |                                           ---------------------------------- fields in this struct
1243 |     pub(in crate::commands::real_full) target_row_start: usize,
     |                                        ^^^^^^^^^^^^^^^^
1244 |     pub(in crate::commands::real_full) rows: usize,
     |                                        ^^^^
1245 |     pub(in crate::commands::real_full) graph_rows: usize,
     |                                        ^^^^^^^^^^
1246 |     pub(in crate::commands::real_full) projected_target_main: Ds41rtDeviceBuffer,
     |                                        ^^^^^^^^^^^^^^^^^^^^^
1247 |     pub(in crate::commands::real_full) stream: *mut c_void,
     |                                        ^^^^^^
     |
     = note: `DeepseekV4DsparkProjectedMainChunk` has derived impls for the traits `Debug` and `Clone`, but these are intentionally ignored during dead code analysis

warning: function `plan_deepseek_v4_target_device_storage` is never used
   --> crates/ds41rt-daemon/src/commands/real_full/coordinator_kernels/target_attention.rs:176:39
    |
176 | pub(in crate::commands::real_full) fn plan_deepseek_v4_target_device_storage(
    |                                       ^^^^^^^^^^^^^^^^^^^^^^^^^^^^^^^^^^^^^^

warning: methods `upload_c0_replay_metadata` and `upload_c0_replay_metadata_value` are never used
    --> crates/ds41rt-daemon/src/commands/real_full/coordinator_kernels/target_attention.rs:3759:8
     |
 899 | impl DeepseekV4TargetDeviceStorage {
     | ---------------------------------- methods in this implementation
...
3759 |     fn upload_c0_replay_metadata(
     |        ^^^^^^^^^^^^^^^^^^^^^^^^^
...
3772 |     fn upload_c0_replay_metadata_value(
     |        ^^^^^^^^^^^^^^^^^^^^^^^^^^^^^^^

warning: field `real_page_stride` is never read
    --> crates/ds41rt-daemon/src/commands/real_full/coordinator_kernels/target_attention.rs:4643:5
     |
4628 | struct DeepseekV4TargetC4ReplayMetadata {
     |        -------------------------------- field in this struct
...
4643 |     real_page_stride: usize,
     |     ^^^^^^^^^^^^^^^^

warning: field `indexed_stride` is never read
    --> crates/ds41rt-daemon/src/commands/real_full/coordinator_kernels/target_attention.rs:4662:5
     |
4647 | struct DeepseekV4TargetC128ReplayMetadata {
     |        ---------------------------------- field in this struct
...
4662 |     indexed_stride: usize,
     |     ^^^^^^^^^^^^^^

warning: function `dense_mlp_graph_value_bytes` is never used
    --> crates/ds41rt-daemon/src/commands/real_full/coordinator_kernels/graphs.rs:2245:39
     |
2245 | pub(in crate::commands::real_full) fn dense_mlp_graph_value_bytes(
     |                                       ^^^^^^^^^^^^^^^^^^^^^^^^^^^

warning: constant `CPU_REFERENCE_LINEAR_BACKEND` is never used
  --> crates/ds41rt-daemon/src/commands/real_full/coordinator_kernels/linear.rs:19:42
   |
19 | pub(in crate::commands::real_full) const CPU_REFERENCE_LINEAR_BACKEND: &str =
   |                                          ^^^^^^^^^^^^^^^^^^^^^^^^^^^^

warning: constant `CUDA_REFERENCE_LINEAR_BACKEND` is never used
  --> crates/ds41rt-daemon/src/commands/real_full/coordinator_kernels/linear.rs:21:42
   |
21 | pub(in crate::commands::real_full) const CUDA_REFERENCE_LINEAR_BACKEND: &str =
   |                                          ^^^^^^^^^^^^^^^^^^^^^^^^^^^^^

warning: constant `CPU_REFERENCE_LINEAR_BF16_BACKEND` is never used
  --> crates/ds41rt-daemon/src/commands/real_full/coordinator_kernels/linear.rs:23:42
   |
23 | pub(in crate::commands::real_full) const CPU_REFERENCE_LINEAR_BF16_BACKEND: &str =
   |                                          ^^^^^^^^^^^^^^^^^^^^^^^^^^^^^^^^^

warning: constant `CUDA_REFERENCE_LINEAR_BF16_RESIDENT_WEIGHT_BACKEND` is never used
  --> crates/ds41rt-daemon/src/commands/real_full/coordinator_kernels/linear.rs:27:42
   |
27 | pub(in crate::commands::real_full) const CUDA_REFERENCE_LINEAR_BF16_RESIDENT_WEIGHT_BACKEND: &str =
   |                                          ^^^^^^^^^^^^^^^^^^^^^^^^^^^^^^^^^^^^^^^^^^^^^^^^^^

warning: function `linear_rows` is never used
  --> crates/ds41rt-daemon/src/commands/real_full/coordinator_kernels/linear.rs:34:39
   |
34 | pub(in crate::commands::real_full) fn linear_rows(
   |                                       ^^^^^^^^^^^

warning: function `linear_rows_bf16` is never used
  --> crates/ds41rt-daemon/src/commands/real_full/coordinator_kernels/linear.rs:51:39
   |
51 | pub(in crate::commands::real_full) fn linear_rows_bf16(
   |                                       ^^^^^^^^^^^^^^^^

warning: function `linear_rows_bf16_resident_weight` is never used
  --> crates/ds41rt-daemon/src/commands/real_full/coordinator_kernels/linear.rs:87:39
   |
87 | pub(in crate::commands::real_full) fn linear_rows_bf16_resident_weight(
   |                                       ^^^^^^^^^^^^^^^^^^^^^^^^^^^^^^^^

warning: function `linear_rows_bf16_preloaded_resident_weight` is never used
   --> crates/ds41rt-daemon/src/commands/real_full/coordinator_kernels/linear.rs:126:39
    |
126 | pub(in crate::commands::real_full) fn linear_rows_bf16_preloaded_resident_weight(
    |                                       ^^^^^^^^^^^^^^^^^^^^^^^^^^^^^^^^^^^^^^^^^^

warning: function `validate_linear_inputs` is never used
   --> crates/ds41rt-daemon/src/commands/real_full/coordinator_kernels/linear.rs:526:39
    |
526 | pub(in crate::commands::real_full) fn validate_linear_inputs(
    |                                       ^^^^^^^^^^^^^^^^^^^^^^

warning: function `validate_linear_bf16_inputs` is never used
   --> crates/ds41rt-daemon/src/commands/real_full/coordinator_kernels/linear.rs:571:39
    |
571 | pub(in crate::commands::real_full) fn validate_linear_bf16_inputs(
    |                                       ^^^^^^^^^^^^^^^^^^^^^^^^^^^

warning: function `validate_linear_bf16_preloaded_resident_inputs` is never used
   --> crates/ds41rt-daemon/src/commands/real_full/coordinator_kernels/linear.rs:621:39
    |
621 | pub(in crate::commands::real_full) fn validate_linear_bf16_preloaded_resident_inputs(
    |                                       ^^^^^^^^^^^^^^^^^^^^^^^^^^^^^^^^^^^^^^^^^^^^^^

warning: function `cpu_linear_rows` is never used
   --> crates/ds41rt-daemon/src/commands/real_full/coordinator_kernels/linear.rs:867:39
    |
867 | pub(in crate::commands::real_full) fn cpu_linear_rows(
    |                                       ^^^^^^^^^^^^^^^

warning: function `cpu_linear_rows_bf16` is never used
   --> crates/ds41rt-daemon/src/commands/real_full/coordinator_kernels/linear.rs:894:39
    |
894 | pub(in crate::commands::real_full) fn cpu_linear_rows_bf16(
    |                                       ^^^^^^^^^^^^^^^^^^^^

warning: function `cuda_linear_rows` is never used
   --> crates/ds41rt-daemon/src/commands/real_full/coordinator_kernels/linear.rs:917:39
    |
917 | pub(in crate::commands::real_full) fn cuda_linear_rows(
    |                                       ^^^^^^^^^^^^^^^^

warning: function `cuda_linear_rows_bf16` is never used
    --> crates/ds41rt-daemon/src/commands/real_full/coordinator_kernels/linear.rs:1009:39
     |
1009 | pub(in crate::commands::real_full) fn cuda_linear_rows_bf16(
     |                                       ^^^^^^^^^^^^^^^^^^^^^

warning: function `linear_graph_input_bytes` is never used
    --> crates/ds41rt-daemon/src/commands/real_full/coordinator_kernels/linear.rs:1653:39
     |
1653 | pub(in crate::commands::real_full) fn linear_graph_input_bytes(
     |                                       ^^^^^^^^^^^^^^^^^^^^^^^^

warning: function `cuda_linear_rows_bf16_resident_weight` is never used
    --> crates/ds41rt-daemon/src/commands/real_full/coordinator_kernels/linear.rs:2050:39
     |
2050 | pub(in crate::commands::real_full) fn cuda_linear_rows_bf16_resident_weight(
     |                                       ^^^^^^^^^^^^^^^^^^^^^^^^^^^^^^^^^^^^^

warning: function `cuda_linear_rows_bf16_resident_weight_graph_slot` is never used
    --> crates/ds41rt-daemon/src/commands/real_full/coordinator_kernels/linear.rs:2083:39
     |
2083 | pub(in crate::commands::real_full) fn cuda_linear_rows_bf16_resident_weight_graph_slot(
     |                                       ^^^^^^^^^^^^^^^^^^^^^^^^^^^^^^^^^^^^^^^^^^^^^^^^

warning: function `cuda_linear_rows_bf16_resident_weight_legacy` is never used
    --> crates/ds41rt-daemon/src/commands/real_full/coordinator_kernels/linear.rs:2186:39
     |
2186 | pub(in crate::commands::real_full) fn cuda_linear_rows_bf16_resident_weight_legacy(
     |                                       ^^^^^^^^^^^^^^^^^^^^^^^^^^^^^^^^^^^^^^^^^^^^

warning: function `cuda_linear_rows_bf16_preloaded_resident_weight` is never used
    --> crates/ds41rt-daemon/src/commands/real_full/coordinator_kernels/linear.rs:2269:39
     |
2269 | pub(in crate::commands::real_full) fn cuda_linear_rows_bf16_preloaded_resident_weight(
     |                                       ^^^^^^^^^^^^^^^^^^^^^^^^^^^^^^^^^^^^^^^^^^^^^^^

warning: function `cuda_linear_rows_bf16_preloaded_resident_weight_graph_slot` is never used
    --> crates/ds41rt-daemon/src/commands/real_full/coordinator_kernels/linear.rs:2550:39
     |
2550 | pub(in crate::commands::real_full) fn cuda_linear_rows_bf16_preloaded_resident_weight_graph_slot(
     |                                       ^^^^^^^^^^^^^^^^^^^^^^^^^^^^^^^^^^^^^^^^^^^^^^^^^^^^^^^^^^

warning: function `cuda_linear_rows_bf16_preloaded_resident_weight_legacy` is never used
    --> crates/ds41rt-daemon/src/commands/real_full/coordinator_kernels/linear.rs:3637:39
     |
3637 | pub(in crate::commands::real_full) fn cuda_linear_rows_bf16_preloaded_resident_weight_legacy(
     |                                       ^^^^^^^^^^^^^^^^^^^^^^^^^^^^^^^^^^^^^^^^^^^^^^^^^^^^^^

warning: constant `CUDA_REFERENCE_SILU_GATED_MLP_BF16_RESIDENT_WEIGHT_BACKEND` is never used
  --> crates/ds41rt-daemon/src/commands/real_full/coordinator_kernels/mlp.rs:31:42
   |
31 | pub(in crate::commands::real_full) const CUDA_REFERENCE_SILU_GATED_MLP_BF16_RESIDENT_WEIGHT_BACKEND:
   |                                          ^^^^^^^^^^^^^^^^^^^^^^^^^^^^^^^^^^^^^^^^^^^^^^^^^^^^^^^^^^

warning: constant `TRITON_SILU_GATED_MLP_BF16_RESIDENT_WEIGHT_BACKEND` is never used
  --> crates/ds41rt-daemon/src/commands/real_full/coordinator_kernels/mlp.rs:35:42
   |
35 | pub(in crate::commands::real_full) const TRITON_SILU_GATED_MLP_BF16_RESIDENT_WEIGHT_BACKEND: &str =
   |                                          ^^^^^^^^^^^^^^^^^^^^^^^^^^^^^^^^^^^^^^^^^^^^^^^^^^

warning: function `silu_gated_mlp_rows_bf16_resident_weight` is never used
   --> crates/ds41rt-daemon/src/commands/real_full/coordinator_kernels/mlp.rs:129:39
    |
129 | pub(in crate::commands::real_full) fn silu_gated_mlp_rows_bf16_resident_weight(
    |                                       ^^^^^^^^^^^^^^^^^^^^^^^^^^^^^^^^^^^^^^^^

warning: function `silu_gated_mlp_rows_bf16_preloaded_gate_up_resident_weight` is never used
   --> crates/ds41rt-daemon/src/commands/real_full/coordinator_kernels/mlp.rs:182:39
    |
182 | pub(in crate::commands::real_full) fn silu_gated_mlp_rows_bf16_preloaded_gate_up_resident_weight(
    |                                       ^^^^^^^^^^^^^^^^^^^^^^^^^^^^^^^^^^^^^^^^^^^^^^^^^^^^^^^^^^

warning: function `silu_gated_mlp_rows_bf16_preloaded_gate_up_down_resident_weight` is never used
   --> crates/ds41rt-daemon/src/commands/real_full/coordinator_kernels/mlp.rs:226:39
    |
226 | pub(in crate::commands::real_full) fn silu_gated_mlp_rows_bf16_preloaded_gate_up_down_resident_weight(
    |                                       ^^^^^^^^^^^^^^^^^^^^^^^^^^^^^^^^^^^^^^^^^^^^^^^^^^^^^^^^^^^^^^^

warning: function `validate_silu_gated_mlp_bf16_preloaded_gate_up_inputs` is never used
   --> crates/ds41rt-daemon/src/commands/real_full/coordinator_kernels/mlp.rs:471:39
    |
471 | pub(in crate::commands::real_full) fn validate_silu_gated_mlp_bf16_preloaded_gate_up_inputs(
    |                                       ^^^^^^^^^^^^^^^^^^^^^^^^^^^^^^^^^^^^^^^^^^^^^^^^^^^^^

warning: function `validate_silu_gated_mlp_bf16_preloaded_gate_up_down_inputs` is never used
   --> crates/ds41rt-daemon/src/commands/real_full/coordinator_kernels/mlp.rs:538:39
    |
538 | pub(in crate::commands::real_full) fn validate_silu_gated_mlp_bf16_preloaded_gate_up_down_inputs(
    |                                       ^^^^^^^^^^^^^^^^^^^^^^^^^^^^^^^^^^^^^^^^^^^^^^^^^^^^^^^^^^

warning: function `cuda_silu_gated_mlp_rows_bf16_resident_weight` is never used
   --> crates/ds41rt-daemon/src/commands/real_full/coordinator_kernels/mlp.rs:945:39
    |
945 | pub(in crate::commands::real_full) fn cuda_silu_gated_mlp_rows_bf16_resident_weight(
    |                                       ^^^^^^^^^^^^^^^^^^^^^^^^^^^^^^^^^^^^^^^^^^^^^

warning: function `cuda_silu_gated_mlp_rows_bf16_resident_weight_graph_slot` is never used
    --> crates/ds41rt-daemon/src/commands/real_full/coordinator_kernels/mlp.rs:1169:39
     |
1169 | pub(in crate::commands::real_full) fn cuda_silu_gated_mlp_rows_bf16_resident_weight_graph_slot(
     |                                       ^^^^^^^^^^^^^^^^^^^^^^^^^^^^^^^^^^^^^^^^^^^^^^^^^^^^^^^^

warning: function `cuda_silu_gated_mlp_rows_bf16_resident_weight_legacy` is never used
    --> crates/ds41rt-daemon/src/commands/real_full/coordinator_kernels/mlp.rs:1271:39
     |
1271 | pub(in crate::commands::real_full) fn cuda_silu_gated_mlp_rows_bf16_resident_weight_legacy(
     |                                       ^^^^^^^^^^^^^^^^^^^^^^^^^^^^^^^^^^^^^^^^^^^^^^^^^^^^

warning: function `cuda_silu_gated_mlp_rows_bf16_preloaded_gate_up_resident_weight` is never used
    --> crates/ds41rt-daemon/src/commands/real_full/coordinator_kernels/mlp.rs:1349:39
     |
1349 | pub(in crate::commands::real_full) fn cuda_silu_gated_mlp_rows_bf16_preloaded_gate_up_resident_weight(
     |                                       ^^^^^^^^^^^^^^^^^^^^^^^^^^^^^^^^^^^^^^^^^^^^^^^^^^^^^^^^^^^^^^^

warning: function `cuda_silu_gated_mlp_rows_bf16_preloaded_gate_up_resident_weight_graph_slot` is never used
    --> crates/ds41rt-daemon/src/commands/real_full/coordinator_kernels/mlp.rs:1398:39
     |
1398 | pub(in crate::commands::real_full) fn cuda_silu_gated_mlp_rows_bf16_preloaded_gate_up_resident_weight_graph_slot(
     |                                       ^^^^^^^^^^^^^^^^^^^^^^^^^^^^^^^^^^^^^^^^^^^^^^^^^^^^^^^^^^^^^^^^^^^^^^^^^^

warning: function `cuda_silu_gated_mlp_rows_bf16_preloaded_gate_up_resident_weight_legacy` is never used
    --> crates/ds41rt-daemon/src/commands/real_full/coordinator_kernels/mlp.rs:1508:39
     |
1508 | pub(in crate::commands::real_full) fn cuda_silu_gated_mlp_rows_bf16_preloaded_gate_up_resident_weight_legacy(
     |                                       ^^^^^^^^^^^^^^^^^^^^^^^^^^^^^^^^^^^^^^^^^^^^^^^^^^^^^^^^^^^^^^^^^^^^^^

warning: function `cuda_silu_gated_mlp_rows_bf16_preloaded_gate_up_down_resident_weight` is never used
    --> crates/ds41rt-daemon/src/commands/real_full/coordinator_kernels/mlp.rs:1588:39
     |
1588 | pub(in crate::commands::real_full) fn cuda_silu_gated_mlp_rows_bf16_preloaded_gate_up_down_resident_weight(
     |                                       ^^^^^^^^^^^^^^^^^^^^^^^^^^^^^^^^^^^^^^^^^^^^^^^^^^^^^^^^^^^^^^^^^^^^

warning: function `cuda_silu_gated_mlp_rows_bf16_preloaded_gate_up_down_resident_weight_graph_slot` is never used
    --> crates/ds41rt-daemon/src/commands/real_full/coordinator_kernels/mlp.rs:1905:39
     |
1905 | pub(in crate::commands::real_full) fn cuda_silu_gated_mlp_rows_bf16_preloaded_gate_up_down_resident_weight_graph_slot(
     |                                       ^^^^^^^^^^^^^^^^^^^^^^^^^^^^^^^^^^^^^^^^^^^^^^^^^^^^^^^^^^^^^^^^^^^^^^^^^^^^^^^

warning: function `cuda_silu_gated_mlp_rows_bf16_preloaded_gate_up_down_resident_weight_legacy` is never used
    --> crates/ds41rt-daemon/src/commands/real_full/coordinator_kernels/mlp.rs:2112:39
     |
2112 | pub(in crate::commands::real_full) fn cuda_silu_gated_mlp_rows_bf16_preloaded_gate_up_down_resident_weight_legacy(
     |                                       ^^^^^^^^^^^^^^^^^^^^^^^^^^^^^^^^^^^^^^^^^^^^^^^^^^^^^^^^^^^^^^^^^^^^^^^^^^^

warning: constant `CUDA_REFERENCE_RMSNORM_BF16_RESIDENT_WEIGHT_BACKEND` is never used
  --> crates/ds41rt-daemon/src/commands/real_full/coordinator_kernels/norm.rs:29:42
   |
29 | pub(in crate::commands::real_full) const CUDA_REFERENCE_RMSNORM_BF16_RESIDENT_WEIGHT_BACKEND: &str =
   |                                          ^^^^^^^^^^^^^^^^^^^^^^^^^^^^^^^^^^^^^^^^^^^^^^^^^^^

warning: constant `CUDA_REFERENCE_LAYER_NORM_AFFINE_F32_BF16_PRELOADED_RESIDENT_BACKEND` is never used
  --> crates/ds41rt-daemon/src/commands/real_full/coordinator_kernels/norm.rs:33:42
   |
33 | pub(in crate::commands::real_full) const CUDA_REFERENCE_LAYER_NORM_AFFINE_F32_BF16_PRELOADED_RESIDENT_BACKEND:
   |                                          ^^^^^^^^^^^^^^^^^^^^^^^^^^^^^^^^^^^^^^^^^^^^^^^^^^^^^^^^^^^^^^^^^^^^

warning: function `rmsnorm_hidden_bf16_resident_weight` is never used
  --> crates/ds41rt-daemon/src/commands/real_full/coordinator_kernels/norm.rs:72:39
   |
72 | pub(in crate::commands::real_full) fn rmsnorm_hidden_bf16_resident_weight(
   |                                       ^^^^^^^^^^^^^^^^^^^^^^^^^^^^^^^^^^^

warning: function `rmsnorm_hidden_bf16_preloaded_resident_weight` is never used
   --> crates/ds41rt-daemon/src/commands/real_full/coordinator_kernels/norm.rs:101:39
    |
101 | pub(in crate::commands::real_full) fn rmsnorm_hidden_bf16_preloaded_resident_weight(
    |                                       ^^^^^^^^^^^^^^^^^^^^^^^^^^^^^^^^^^^^^^^^^^^^^

warning: function `layer_norm_affine_f32_bf16_preloaded_resident_weight_bias` is never used
   --> crates/ds41rt-daemon/src/commands/real_full/coordinator_kernels/norm.rs:351:39
    |
351 | pub(in crate::commands::real_full) fn layer_norm_affine_f32_bf16_preloaded_resident_weight_bias(
    |                                       ^^^^^^^^^^^^^^^^^^^^^^^^^^^^^^^^^^^^^^^^^^^^^^^^^^^^^^^^^

warning: function `validate_layer_norm_affine_f32_bf16_preloaded_inputs` is never used
   --> crates/ds41rt-daemon/src/commands/real_full/coordinator_kernels/norm.rs:523:39
    |
523 | pub(in crate::commands::real_full) fn validate_layer_norm_affine_f32_bf16_preloaded_inputs(
    |                                       ^^^^^^^^^^^^^^^^^^^^^^^^^^^^^^^^^^^^^^^^^^^^^^^^^^^^

warning: function `capture_or_update_layernorm_affine_f32_bf16_graph` is never used
   --> crates/ds41rt-daemon/src/commands/real_full/coordinator_kernels/norm.rs:941:39
    |
941 | pub(in crate::commands::real_full) fn capture_or_update_layernorm_affine_f32_bf16_graph(
    |                                       ^^^^^^^^^^^^^^^^^^^^^^^^^^^^^^^^^^^^^^^^^^^^^^^^^

warning: function `cuda_rmsnorm_hidden_bf16_resident_weight` is never used
    --> crates/ds41rt-daemon/src/commands/real_full/coordinator_kernels/norm.rs:1101:39
     |
1101 | pub(in crate::commands::real_full) fn cuda_rmsnorm_hidden_bf16_resident_weight(
     |                                       ^^^^^^^^^^^^^^^^^^^^^^^^^^^^^^^^^^^^^^^^

warning: function `cuda_rmsnorm_hidden_bf16_resident_weight_graph_slot` is never used
    --> crates/ds41rt-daemon/src/commands/real_full/coordinator_kernels/norm.rs:1144:39
     |
1144 | pub(in crate::commands::real_full) fn cuda_rmsnorm_hidden_bf16_resident_weight_graph_slot(
     |                                       ^^^^^^^^^^^^^^^^^^^^^^^^^^^^^^^^^^^^^^^^^^^^^^^^^^^

warning: function `cuda_rmsnorm_hidden_bf16_resident_weight_legacy` is never used
    --> crates/ds41rt-daemon/src/commands/real_full/coordinator_kernels/norm.rs:1218:39
     |
1218 | pub(in crate::commands::real_full) fn cuda_rmsnorm_hidden_bf16_resident_weight_legacy(
     |                                       ^^^^^^^^^^^^^^^^^^^^^^^^^^^^^^^^^^^^^^^^^^^^^^^

warning: function `cuda_rmsnorm_hidden_bf16_preloaded_resident_weight` is never used
    --> crates/ds41rt-daemon/src/commands/real_full/coordinator_kernels/norm.rs:1275:39
     |
1275 | pub(in crate::commands::real_full) fn cuda_rmsnorm_hidden_bf16_preloaded_resident_weight(
     |                                       ^^^^^^^^^^^^^^^^^^^^^^^^^^^^^^^^^^^^^^^^^^^^^^^^^^

warning: function `cuda_rmsnorm_hidden_bf16_preloaded_resident_weight_graph_slot` is never used
    --> crates/ds41rt-daemon/src/commands/real_full/coordinator_kernels/norm.rs:1406:39
     |
1406 | pub(in crate::commands::real_full) fn cuda_rmsnorm_hidden_bf16_preloaded_resident_weight_graph_slot(
     |                                       ^^^^^^^^^^^^^^^^^^^^^^^^^^^^^^^^^^^^^^^^^^^^^^^^^^^^^^^^^^^^^

warning: function `cuda_rmsnorm_hidden_bf16_preloaded_resident_weight_legacy` is never used
    --> crates/ds41rt-daemon/src/commands/real_full/coordinator_kernels/norm.rs:1647:39
     |
1647 | pub(in crate::commands::real_full) fn cuda_rmsnorm_hidden_bf16_preloaded_resident_weight_legacy(
     |                                       ^^^^^^^^^^^^^^^^^^^^^^^^^^^^^^^^^^^^^^^^^^^^^^^^^^^^^^^^^

warning: function `cuda_layer_norm_affine_f32_bf16_preloaded_resident_weight_bias` is never used
    --> crates/ds41rt-daemon/src/commands/real_full/coordinator_kernels/norm.rs:1800:39
     |
1800 | pub(in crate::commands::real_full) fn cuda_layer_norm_affine_f32_bf16_preloaded_resident_weight_bias(
     |                                       ^^^^^^^^^^^^^^^^^^^^^^^^^^^^^^^^^^^^^^^^^^^^^^^^^^^^^^^^^^^^^^

warning: function `cuda_layer_norm_affine_f32_bf16_preloaded_resident_weight_bias_graph_slot` is never used
    --> crates/ds41rt-daemon/src/commands/real_full/coordinator_kernels/norm.rs:1835:39
     |
1835 | pub(in crate::commands::real_full) fn cuda_layer_norm_affine_f32_bf16_preloaded_resident_weight_bias_graph_slot(
     |                                       ^^^^^^^^^^^^^^^^^^^^^^^^^^^^^^^^^^^^^^^^^^^^^^^^^^^^^^^^^^^^^^^^^^^^^^^^^

warning: function `cuda_layer_norm_affine_f32_bf16_preloaded_resident_weight_bias_legacy` is never used
    --> crates/ds41rt-daemon/src/commands/real_full/coordinator_kernels/norm.rs:1916:39
     |
1916 | pub(in crate::commands::real_full) fn cuda_layer_norm_affine_f32_bf16_preloaded_resident_weight_bias_legacy(
     |                                       ^^^^^^^^^^^^^^^^^^^^^^^^^^^^^^^^^^^^^^^^^^^^^^^^^^^^^^^^^^^^^^^^^^^^^

warning: function `layernorm_affine_graph_value_bytes` is never used
    --> crates/ds41rt-daemon/src/commands/real_full/coordinator_kernels/norm.rs:2100:39
     |
2100 | pub(in crate::commands::real_full) fn layernorm_affine_graph_value_bytes(
     |                                       ^^^^^^^^^^^^^^^^^^^^^^^^^^^^^^^^^^

warning: constant `CPU_REFERENCE_GATHER_ROWS_BF16_BACKEND` is never used
  --> crates/ds41rt-daemon/src/commands/real_full/coordinator_kernels/residual.rs:33:42
   |
33 | pub(in crate::commands::real_full) const CPU_REFERENCE_GATHER_ROWS_BF16_BACKEND: &str =
   |                                          ^^^^^^^^^^^^^^^^^^^^^^^^^^^^^^^^^^^^^^

warning: constant `CUDA_REFERENCE_GATHER_ROWS_BF16_BACKEND` is never used
  --> crates/ds41rt-daemon/src/commands/real_full/coordinator_kernels/residual.rs:35:42
   |
35 | pub(in crate::commands::real_full) const CUDA_REFERENCE_GATHER_ROWS_BF16_BACKEND: &str =
   |                                          ^^^^^^^^^^^^^^^^^^^^^^^^^^^^^^^^^^^^^^^

warning: constant `CPU_REFERENCE_SCATTER_ADD_ROWS_BF16_TO_F32_BACKEND` is never used
  --> crates/ds41rt-daemon/src/commands/real_full/coordinator_kernels/residual.rs:38:42
   |
38 | pub(in crate::commands::real_full) const CPU_REFERENCE_SCATTER_ADD_ROWS_BF16_TO_F32_BACKEND: &str =
   |                                          ^^^^^^^^^^^^^^^^^^^^^^^^^^^^^^^^^^^^^^^^^^^^^^^^^^

warning: constant `CUDA_REFERENCE_SCATTER_ADD_ROWS_BF16_TO_F32_BACKEND` is never used
  --> crates/ds41rt-daemon/src/commands/real_full/coordinator_kernels/residual.rs:40:42
   |
40 | pub(in crate::commands::real_full) const CUDA_REFERENCE_SCATTER_ADD_ROWS_BF16_TO_F32_BACKEND: &str =
   |                                          ^^^^^^^^^^^^^^^^^^^^^^^^^^^^^^^^^^^^^^^^^^^^^^^^^^^

warning: function `gather_rows_bf16` is never used
   --> crates/ds41rt-daemon/src/commands/real_full/coordinator_kernels/residual.rs:254:39
    |
254 | pub(in crate::commands::real_full) fn gather_rows_bf16(
    |                                       ^^^^^^^^^^^^^^^^

warning: function `scatter_add_rows_bf16_to_f32` is never used
   --> crates/ds41rt-daemon/src/commands/real_full/coordinator_kernels/residual.rs:272:39
    |
272 | pub(in crate::commands::real_full) fn scatter_add_rows_bf16_to_f32(
    |                                       ^^^^^^^^^^^^^^^^^^^^^^^^^^^^

warning: function `sparse_b_scatter_residual_add_bf16` is never used
   --> crates/ds41rt-daemon/src/commands/real_full/coordinator_kernels/residual.rs:304:39
    |
304 | pub(in crate::commands::real_full) fn sparse_b_scatter_residual_add_bf16(
    |                                       ^^^^^^^^^^^^^^^^^^^^^^^^^^^^^^^^^^

warning: function `validate_gather_rows_bf16_inputs` is never used
   --> crates/ds41rt-daemon/src/commands/real_full/coordinator_kernels/residual.rs:560:39
    |
560 | pub(in crate::commands::real_full) fn validate_gather_rows_bf16_inputs(
    |                                       ^^^^^^^^^^^^^^^^^^^^^^^^^^^^^^^^

warning: function `validate_scatter_add_rows_bf16_to_f32_inputs` is never used
   --> crates/ds41rt-daemon/src/commands/real_full/coordinator_kernels/residual.rs:600:39
    |
600 | pub(in crate::commands::real_full) fn validate_scatter_add_rows_bf16_to_f32_inputs(
    |                                       ^^^^^^^^^^^^^^^^^^^^^^^^^^^^^^^^^^^^^^^^^^^^

warning: function `flatten_sparse_b_bf16_partials` is never used
   --> crates/ds41rt-daemon/src/commands/real_full/coordinator_kernels/residual.rs:656:39
    |
656 | pub(in crate::commands::real_full) fn flatten_sparse_b_bf16_partials(
    |                                       ^^^^^^^^^^^^^^^^^^^^^^^^^^^^^^

warning: function `validate_sparse_b_scatter_residual_add_inputs` is never used
   --> crates/ds41rt-daemon/src/commands/real_full/coordinator_kernels/residual.rs:846:39
    |
846 | pub(in crate::commands::real_full) fn validate_sparse_b_scatter_residual_add_inputs(
    |                                       ^^^^^^^^^^^^^^^^^^^^^^^^^^^^^^^^^^^^^^^^^^^^^

warning: function `cpu_gather_rows_bf16` is never used
   --> crates/ds41rt-daemon/src/commands/real_full/coordinator_kernels/residual.rs:954:39
    |
954 | pub(in crate::commands::real_full) fn cpu_gather_rows_bf16(
    |                                       ^^^^^^^^^^^^^^^^^^^^

warning: function `cpu_scatter_add_rows_bf16_to_f32` is never used
   --> crates/ds41rt-daemon/src/commands/real_full/coordinator_kernels/residual.rs:972:39
    |
972 | pub(in crate::commands::real_full) fn cpu_scatter_add_rows_bf16_to_f32(
    |                                       ^^^^^^^^^^^^^^^^^^^^^^^^^^^^^^^^

warning: function `cpu_sparse_b_scatter_residual_add_bf16` is never used
   --> crates/ds41rt-daemon/src/commands/real_full/coordinator_kernels/residual.rs:995:39
    |
995 | pub(in crate::commands::real_full) fn cpu_sparse_b_scatter_residual_add_bf16(
    |                                       ^^^^^^^^^^^^^^^^^^^^^^^^^^^^^^^^^^^^^^

warning: function `cuda_gather_rows_bf16` is never used
    --> crates/ds41rt-daemon/src/commands/real_full/coordinator_kernels/residual.rs:1446:39
     |
1446 | pub(in crate::commands::real_full) fn cuda_gather_rows_bf16(
     |                                       ^^^^^^^^^^^^^^^^^^^^^

warning: function `cuda_scatter_add_rows_bf16_to_f32` is never used
    --> crates/ds41rt-daemon/src/commands/real_full/coordinator_kernels/residual.rs:1522:39
     |
1522 | pub(in crate::commands::real_full) fn cuda_scatter_add_rows_bf16_to_f32(
     |                                       ^^^^^^^^^^^^^^^^^^^^^^^^^^^^^^^^^

warning: function `capture_or_update_sparse_b_scatter_add_bf16_to_f32_graph` is never used
    --> crates/ds41rt-daemon/src/commands/real_full/coordinator_kernels/residual.rs:1635:39
     |
1635 | pub(in crate::commands::real_full) fn capture_or_update_sparse_b_scatter_add_bf16_to_f32_graph(
     |                                       ^^^^^^^^^^^^^^^^^^^^^^^^^^^^^^^^^^^^^^^^^^^^^^^^^^^^^^^^

warning: function `launch_sparse_b_scatter_add_bf16_to_f32_eager` is never used
    --> crates/ds41rt-daemon/src/commands/real_full/coordinator_kernels/residual.rs:1738:4
     |
1738 | fn launch_sparse_b_scatter_add_bf16_to_f32_eager(
     |    ^^^^^^^^^^^^^^^^^^^^^^^^^^^^^^^^^^^^^^^^^^^^^

warning: function `cuda_sparse_b_scatter_residual_add_bf16` is never used
    --> crates/ds41rt-daemon/src/commands/real_full/coordinator_kernels/residual.rs:1764:39
     |
1764 | pub(in crate::commands::real_full) fn cuda_sparse_b_scatter_residual_add_bf16(
     |                                       ^^^^^^^^^^^^^^^^^^^^^^^^^^^^^^^^^^^^^^^

warning: function `capture_or_update_sparse_b_scatter_residual_add_bf16_graph` is never used
    --> crates/ds41rt-daemon/src/commands/real_full/coordinator_kernels/residual.rs:3348:39
     |
3348 | pub(in crate::commands::real_full) fn capture_or_update_sparse_b_scatter_residual_add_bf16_graph(
     |                                       ^^^^^^^^^^^^^^^^^^^^^^^^^^^^^^^^^^^^^^^^^^^^^^^^^^^^^^^^^^

warning: function `launch_sparse_b_scatter_residual_add_bf16_eager` is never used
    --> crates/ds41rt-daemon/src/commands/real_full/coordinator_kernels/residual.rs:3616:4
     |
3616 | fn launch_sparse_b_scatter_residual_add_bf16_eager(
     |    ^^^^^^^^^^^^^^^^^^^^^^^^^^^^^^^^^^^^^^^^^^^^^^^

warning: function `ds4_flash_router_topk_bf16_preloaded_device_input` is never used
   --> crates/ds41rt-daemon/src/commands/real_full/coordinator_kernels/router.rs:343:39
    |
343 | pub(in crate::commands::real_full) fn ds4_flash_router_topk_bf16_preloaded_device_input(
    |                                       ^^^^^^^^^^^^^^^^^^^^^^^^^^^^^^^^^^^^^^^^^^^^^^^^^

warning: function `ds4_pro_router_topk_bf16_preloaded_device_input` is never used
   --> crates/ds41rt-daemon/src/commands/real_full/coordinator_kernels/router.rs:360:39
    |
360 | pub(in crate::commands::real_full) fn ds4_pro_router_topk_bf16_preloaded_device_input(
    |                                       ^^^^^^^^^^^^^^^^^^^^^^^^^^^^^^^^^^^^^^^^^^^^^^^

warning: function `ds4_router_topk_bf16_preloaded_device_input` is never used
   --> crates/ds41rt-daemon/src/commands/real_full/coordinator_kernels/router.rs:609:4
    |
609 | fn ds4_router_topk_bf16_preloaded_device_input(
    |    ^^^^^^^^^^^^^^^^^^^^^^^^^^^^^^^^^^^^^^^^^^^

warning: constant `DS4_FLASH_SHARED_WORKSPACE_BYTES` is never used
  --> crates/ds41rt-daemon/src/commands/real_full/coordinator_kernels/shared_expert.rs:17:7
   |
17 | const DS4_FLASH_SHARED_WORKSPACE_BYTES: usize =
   |       ^^^^^^^^^^^^^^^^^^^^^^^^^^^^^^^^

warning: function `preload_ds4_flash_shared_expert_fp8_runtime` is never used
  --> crates/ds41rt-daemon/src/commands/real_full/coordinator_kernels/shared_expert.rs:88:39
   |
88 | pub(in crate::commands::real_full) fn preload_ds4_flash_shared_expert_fp8_runtime() -> Result<()> {
   |                                       ^^^^^^^^^^^^^^^^^^^^^^^^^^^^^^^^^^^^^^^^^^^

warning: function `ds4_flash_shared_expert_fp8_bf16_device_output` is never used
   --> crates/ds41rt-daemon/src/commands/real_full/coordinator_kernels/shared_expert.rs:276:39
    |
276 | pub(in crate::commands::real_full) fn ds4_flash_shared_expert_fp8_bf16_device_output(
    |                                       ^^^^^^^^^^^^^^^^^^^^^^^^^^^^^^^^^^^^^^^^^^^^^^

warning: function `validate_ds4_flash_shared_expert_buffer_layout` is never used
   --> crates/ds41rt-daemon/src/commands/real_full/coordinator_kernels/shared_expert.rs:646:4
    |
646 | fn validate_ds4_flash_shared_expert_buffer_layout(
    |    ^^^^^^^^^^^^^^^^^^^^^^^^^^^^^^^^^^^^^^^^^^^^^^

warning: function `ds4_flash_sparse_layer_resident_weight_names` is never used
   --> crates/ds41rt-daemon/src/commands/real_full/coordinator_kernels/sparse_block.rs:349:39
    |
349 | pub(in crate::commands::real_full) fn ds4_flash_sparse_layer_resident_weight_names(
    |                                       ^^^^^^^^^^^^^^^^^^^^^^^^^^^^^^^^^^^^^^^^^^^^

warning: function `validate_ds4_flash_tp4_reduction_buffer_layout` is never used
   --> crates/ds41rt-daemon/src/commands/real_full/coordinator_kernels/sparse_block.rs:911:4
    |
911 | fn validate_ds4_flash_tp4_reduction_buffer_layout(
    |    ^^^^^^^^^^^^^^^^^^^^^^^^^^^^^^^^^^^^^^^^^^^^^^

warning: function `validate_ds4_flash_tp4_host_partial_layout` is never used
   --> crates/ds41rt-daemon/src/commands/real_full/coordinator_kernels/sparse_block.rs:979:4
    |
979 | fn validate_ds4_flash_tp4_host_partial_layout(
    |    ^^^^^^^^^^^^^^^^^^^^^^^^^^^^^^^^^^^^^^^^^^

warning: function `validate_ds4_flash_tp4_host_partial_chunks` is never used
    --> crates/ds41rt-daemon/src/commands/real_full/coordinator_kernels/sparse_block.rs:1037:4
     |
1037 | fn validate_ds4_flash_tp4_host_partial_chunks(
     |    ^^^^^^^^^^^^^^^^^^^^^^^^^^^^^^^^^^^^^^^^^^

warning: constant `CUDA_REFERENCE_DEVICE_BF16_FEATURE_CONCAT_BACKEND` is never used
  --> crates/ds41rt-daemon/src/commands/real_full/coordinator_kernels/workspace.rs:27:42
   |
27 | pub(in crate::commands::real_full) const CUDA_REFERENCE_DEVICE_BF16_FEATURE_CONCAT_BACKEND: &str =
   |                                          ^^^^^^^^^^^^^^^^^^^^^^^^^^^^^^^^^^^^^^^^^^^^^^^^^

warning: function `concat_device_bf16_row_features` is never used
  --> crates/ds41rt-daemon/src/commands/real_full/coordinator_kernels/workspace.rs:81:39
   |
81 | pub(in crate::commands::real_full) fn concat_device_bf16_row_features(
   |                                       ^^^^^^^^^^^^^^^^^^^^^^^^^^^^^^^

warning: function `catalog_supports_default_sparse_router_routed_nvfp4` is never used
  --> crates/ds41rt-daemon/src/commands/real_full/coverage.rs:63:39
   |
63 | pub(in crate::commands::real_full) fn catalog_supports_default_sparse_router_routed_nvfp4(
   |                                       ^^^^^^^^^^^^^^^^^^^^^^^^^^^^^^^^^^^^^^^^^^^^^^^^^^^

warning: function `deterministic_dense_hidden` is never used
 --> crates/ds41rt-daemon/src/commands/real_full/dense/math.rs:3:39
  |
3 | pub(in crate::commands::real_full) fn deterministic_dense_hidden(hidden_dim: usize) -> Vec<f32> {
  |                                       ^^^^^^^^^^^^^^^^^^^^^^^^^^

warning: function `bf16_compact_row_prefix_bytes` is never used
  --> crates/ds41rt-daemon/src/commands/real_full/dense/math.rs:66:39
   |
66 | pub(in crate::commands::real_full) fn bf16_compact_row_prefix_bytes(
   |                                       ^^^^^^^^^^^^^^^^^^^^^^^^^^^^^

warning: function `dot` is never used
   --> crates/ds41rt-daemon/src/commands/real_full/dense/math.rs:132:39
    |
132 | pub(in crate::commands::real_full) fn dot(left: &[f32], right: &[f32]) -> f32 {
    |                                       ^^^

warning: function `silu` is never used
   --> crates/ds41rt-daemon/src/commands/real_full/dense/math.rs:139:39
    |
139 | pub(in crate::commands::real_full) fn silu(value: f32) -> f32 {
    |                                       ^^^^

warning: fields `device_hidden`, `token_id`, `kernel_backend`, and `checksum` are never read
  --> crates/ds41rt-daemon/src/commands/real_full/embedding.rs:30:40
   |
28 | pub(in crate::commands::real_full) struct RealFullEmbeddingHidden {
   |                                           ----------------------- fields in this struct
29 |     pub(in crate::commands::real_full) hidden: Vec<f32>,
30 |     pub(in crate::commands::real_full) device_hidden: Option<DeviceBf16Output>,
   |                                        ^^^^^^^^^^^^^
31 |     pub(in crate::commands::real_full) token_id: usize,
   |                                        ^^^^^^^^
32 |     pub(in crate::commands::real_full) bytes_read: u64,
33 |     pub(in crate::commands::real_full) kernel_backend: &'static str,
   |                                        ^^^^^^^^^^^^^^
34 |     pub(in crate::commands::real_full) checksum: f64,
   |                                        ^^^^^^^^

warning: function `catalog_tensor` is never used
    --> crates/ds41rt-daemon/src/commands/real_full/expert_probe/protocol_v2_executor.rs:3304:4
     |
3304 | fn catalog_tensor<'a>(catalog: &'a TensorCatalog, tensor_name: &str) -> Result<&'a TensorInfo> {
     |    ^^^^^^^^^^^^^^

warning: methods `rewind_attention_ready_frontier`, `run_mla_rope_attention_parts_from_device_prefix_with_device_weights_and_projected_query_host_suffix_bf16`, and `run_mla_rope_attention_parts_from_device_prefix_with_device_weights_and_projected_query_device_kv_suffix_bf16` are never used
    --> crates/ds41rt-daemon/src/commands/real_full/kv/device.rs:3315:43
     |
3161 | impl RealFullDeviceKvExecutionMirror {
     | ------------------------------------ methods in this implementation
...
3315 |     pub(in crate::commands::real_full) fn rewind_attention_ready_frontier(
     |                                           ^^^^^^^^^^^^^^^^^^^^^^^^^^^^^^^
...
4743 |     pub(in crate::commands::real_full) fn run_mla_rope_attention_parts_from_device_prefix_with_device_weights_and_projected_query_host_suffix_bf16(
     |                                           ^^^^^^^^^^^^^^^^^^^^^^^^^^^^^^^^^^^^^^^^^^^^^^^^^^^^^^^^^^^^^^^^^^^^^^^^^^^^^^^^^^^^^^^^^^^^^^^^^^^^^^^^
...
5112 |     pub(in crate::commands::real_full) fn run_mla_rope_attention_parts_from_device_prefix_with_device_weights_and_projected_query_device_kv_suffix_bf16(
     |                                           ^^^^^^^^^^^^^^^^^^^^^^^^^^^^^^^^^^^^^^^^^^^^^^^^^^^^^^^^^^^^^^^^^^^^^^^^^^^^^^^^^^^^^^^^^^^^^^^^^^^^^^^^^^^^^

warning: enum `DeviceKvBatchMetadataSlot` is never used
    --> crates/ds41rt-daemon/src/commands/real_full/kv/device.rs:7094:6
     |
7094 | enum DeviceKvBatchMetadataSlot {
     |      ^^^^^^^^^^^^^^^^^^^^^^^^^

warning: variant `ProjectedQuery` is never constructed
    --> crates/ds41rt-daemon/src/commands/real_full/kv/device.rs:7103:5
     |
7100 | enum DeviceKvAttentionHostUploadSlot {
     |      ------------------------------- variant in this enum
...
7103 |     ProjectedQuery,
     |     ^^^^^^^^^^^^^^

warning: function `rewind_device_kv_attention_ready_frontier` is never used
    --> crates/ds41rt-daemon/src/commands/real_full/kv/device.rs:7118:4
     |
7118 | fn rewind_device_kv_attention_ready_frontier(
     |    ^^^^^^^^^^^^^^^^^^^^^^^^^^^^^^^^^^^^^^^^^

warning: multiple fields are never read
    --> crates/ds41rt-daemon/src/commands/real_full/kv/device.rs:7234:5
     |
7224 | pub(in crate::commands::real_full) struct RealFullDeviceKvCache<'a> {
     |                                           --------------------- fields in this struct
...
7234 |     batch_metadata_staging: DeviceKvReusableHostBuffer<'a>,
     |     ^^^^^^^^^^^^^^^^^^^^^^
...
7252 |     attention_suffix_projected_kv_normalized: DeviceKvReusableDeviceBuffer<'a>,
     |     ^^^^^^^^^^^^^^^^^^^^^^^^^^^^^^^^^^^^^^^^
7253 |     attention_suffix_projected_kv_projected: DeviceKvReusableDeviceBuffer<'a>,
     |     ^^^^^^^^^^^^^^^^^^^^^^^^^^^^^^^^^^^^^^^
...
7260 |     payload_offsets_device: DeviceKvReusableDeviceBuffer<'a>,
     |     ^^^^^^^^^^^^^^^^^^^^^^
7261 |     cache_offsets_device: DeviceKvReusableDeviceBuffer<'a>,
     |     ^^^^^^^^^^^^^^^^^^^^
7262 |     block_bytes_device: DeviceKvReusableDeviceBuffer<'a>,
     |     ^^^^^^^^^^^^^^^^^^
...
7273 |     mla_current_kv_latent: DeviceKvReusableDeviceBuffer<'a>,
     |     ^^^^^^^^^^^^^^^^^^^^^
7274 |     mla_current_k_rope: DeviceKvReusableDeviceBuffer<'a>,
     |     ^^^^^^^^^^^^^^^^^^

warning: methods `main_mla_cache_for_layer`, `split_current_projected_kv_a_to_reusable_buffers`, `rotate_mla_k_rope_to_suffix_reusable_buffer`, `project_mla_kv_latent_and_split_to_suffix_reusable_buffers`, and `stage_batch_metadata_u64s` are never used
    --> crates/ds41rt-daemon/src/commands/real_full/kv/device.rs:7799:8
     |
7343 | impl<'a> RealFullDeviceKvCache<'a> {
     | ---------------------------------- methods in this implementation
...
7799 |     fn main_mla_cache_for_layer(&self, layer_id: LayerId) -> Result<Ds41rtDeviceBuffer> {
     |        ^^^^^^^^^^^^^^^^^^^^^^^^
...
8522 |     fn split_current_projected_kv_a_to_reusable_buffers(
     |        ^^^^^^^^^^^^^^^^^^^^^^^^^^^^^^^^^^^^^^^^^^^^^^^^
...
8875 |     fn rotate_mla_k_rope_to_suffix_reusable_buffer(
     |        ^^^^^^^^^^^^^^^^^^^^^^^^^^^^^^^^^^^^^^^^^^^
...
9113 |     fn project_mla_kv_latent_and_split_to_suffix_reusable_buffers(
     |        ^^^^^^^^^^^^^^^^^^^^^^^^^^^^^^^^^^^^^^^^^^^^^^^^^^^^^^^^^^
...
9511 |     fn stage_batch_metadata_u64s(
     |        ^^^^^^^^^^^^^^^^^^^^^^^^^

warning: fields `cache_offsets` and `block_bytes` are never read
    --> crates/ds41rt-daemon/src/commands/real_full/kv/device.rs:9707:5
     |
9703 | struct DeviceKvBatchPlan {
     |        ----------------- fields in this struct
...
9707 |     cache_offsets: Vec<u64>,
     |     ^^^^^^^^^^^^^
9708 |     block_bytes: Vec<u64>,
     |     ^^^^^^^^^^^

warning: function `u64_slice_bytes` is never used
    --> crates/ds41rt-daemon/src/commands/real_full/kv/device.rs:9886:4
     |
9886 | fn u64_slice_bytes(values: &[u64]) -> &[u8] {
     |    ^^^^^^^^^^^^^^^

warning: constant `TARGET_KV_PAGE_TOKENS` is never used
 --> crates/ds41rt-daemon/src/commands/real_full/prefix_cache.rs:5:18
  |
5 | pub(super) const TARGET_KV_PAGE_TOKENS: usize = 64;
  |                  ^^^^^^^^^^^^^^^^^^^^^

warning: enum `TargetKvExactLeafEviction` is never used
  --> crates/ds41rt-daemon/src/commands/real_full/prefix_cache.rs:91:17
   |
91 | pub(super) enum TargetKvExactLeafEviction {
   |                 ^^^^^^^^^^^^^^^^^^^^^^^^^

warning: associated items `new`, `evict_exact_inactive_leaf`, and `evict_exact_inactive_leaf_if_present` are never used
   --> crates/ds41rt-daemon/src/commands/real_full/prefix_cache.rs:111:19
    |
110 | impl TargetKvRadixManager {
    | ------------------------- associated items in this implementation
111 |     pub(super) fn new(total_tokens: usize, max_active_requests: usize) -> Result<Self> {
    |                   ^^^
...
339 |     pub(super) fn evict_exact_inactive_leaf(&self, token_ids: &[usize]) -> Result<usize> {
    |                   ^^^^^^^^^^^^^^^^^^^^^^^^^
...
354 |     pub(super) fn evict_exact_inactive_leaf_if_present(
    |                   ^^^^^^^^^^^^^^^^^^^^^^^^^^^^^^^^^^^^

warning: methods `boundary_copy` and `reserved_private_pages` are never used
   --> crates/ds41rt-daemon/src/commands/real_full/prefix_cache.rs:444:19
    |
431 | impl TargetKvRadixReservation {
    | ----------------------------- methods in this implementation
...
444 |     pub(super) fn boundary_copy(&self) -> Option<TargetKvBoundaryCopy> {
    |                   ^^^^^^^^^^^^^
...
456 |     pub(super) fn reserved_private_pages(&self) -> usize {
    |                   ^^^^^^^^^^^^^^^^^^^^^^

warning: function `coordinator_resident_preload_requirement` is never used
  --> crates/ds41rt-daemon/src/commands/real_full/preflight.rs:48:15
   |
48 | pub(super) fn coordinator_resident_preload_requirement(
   |               ^^^^^^^^^^^^^^^^^^^^^^^^^^^^^^^^^^^^^^^^

warning: function `coordinator_resident_preload_requirement` is never used
  --> crates/ds41rt-daemon/src/commands/real_full/preflight/requirements.rs:52:15
   |
52 | pub(super) fn coordinator_resident_preload_requirement(
   |               ^^^^^^^^^^^^^^^^^^^^^^^^^^^^^^^^^^^^^^^^

warning: fields `expert_all_layer_probe`, `expert_residual_chain_probe`, and `expert_scheduler_rows_probe` are never read
  --> crates/ds41rt-daemon/src/commands/real_full/preflight/requirements/availability.rs:38:16
   |
20 | pub(super) struct RealFullPreflightAvailability<'a> {
   |                   ----------------------------- fields in this struct
...
38 |     pub(super) expert_all_layer_probe: &'a RealFullExpertAllLayerNvfp4Probe,
   |                ^^^^^^^^^^^^^^^^^^^^^^
39 |     pub(super) expert_residual_chain_probe: &'a RealFullExpertResidualChainNvfp4Probe,
   |                ^^^^^^^^^^^^^^^^^^^^^^^^^^^
40 |     pub(super) expert_scheduler_rows_probe: &'a RealFullExpertSchedulerRowsNvfp4Probe,
   |                ^^^^^^^^^^^^^^^^^^^^^^^^^^^

warning: function `var_opt` is never used
  --> crates/ds41rt-daemon/src/commands/real_full/probe_env.rs:24:15
   |
24 | pub(super) fn var_opt(key: &str) -> Option<String> {
   |               ^^^^^^^

warning: multiple fields are never read
  --> crates/ds41rt-daemon/src/commands/real_full/sampling/lm_head.rs:49:40
   |
48 | pub(in crate::commands::real_full) struct RealLmHeadChunkScoreForHidden {
   |                                           ----------------------------- fields in this struct
49 |     pub(in crate::commands::real_full) lm_head_tensor: String,
   |                                        ^^^^^^^^^^^^^^
...
52 |     pub(in crate::commands::real_full) start_token_id: usize,
   |                                        ^^^^^^^^^^^^^^
53 |     pub(in crate::commands::real_full) chunk_rows: usize,
   |                                        ^^^^^^^^^^
54 |     pub(in crate::commands::real_full) rows_scored: usize,
   |                                        ^^^^^^^^^^^
55 |     pub(in crate::commands::real_full) chunks_scored: usize,
   |                                        ^^^^^^^^^^^^^
56 |     pub(in crate::commands::real_full) lm_head_bytes_read: u64,
   |                                        ^^^^^^^^^^^^^^^^^^
57 |     pub(in crate::commands::real_full) hidden_values: usize,
   |                                        ^^^^^^^^^^^^^
58 |     pub(in crate::commands::real_full) logits_evaluated: usize,
59 |     pub(in crate::commands::real_full) multiply_accumulate_ops: u64,
   |                                        ^^^^^^^^^^^^^^^^^^^^^^^
60 |     pub(in crate::commands::real_full) covers_full_vocabulary: bool,
61 |     pub(in crate::commands::real_full) logits_kernel_backend: &'static str,
   |                                        ^^^^^^^^^^^^^^^^^^^^^
...
68 |     pub(in crate::commands::real_full) sample_random_uniform: f32,
   |                                        ^^^^^^^^^^^^^^^^^^^^^
   |
   = note: `RealLmHeadChunkScoreForHidden` has derived impls for the traits `Clone` and `Debug`, but these are intentionally ignored during dead code analysis

warning: function `score_real_lm_head_full_vocab_for_hidden` is never used
  --> crates/ds41rt-daemon/src/commands/real_full/sampling/lm_head.rs:85:39
   |
85 | pub(in crate::commands::real_full) fn score_real_lm_head_full_vocab_for_hidden(
   |                                       ^^^^^^^^^^^^^^^^^^^^^^^^^^^^^^^^^^^^^^^^

warning: function `score_real_lm_head_full_vocab_for_device_hidden` is never used
   --> crates/ds41rt-daemon/src/commands/real_full/sampling/lm_head.rs:227:39
    |
227 | pub(in crate::commands::real_full) fn score_real_lm_head_full_vocab_for_device_hidden(
    |                                       ^^^^^^^^^^^^^^^^^^^^^^^^^^^^^^^^^^^^^^^^^^^^^^^

warning: function `bf16_bytes_from_f32` is never used
   --> crates/ds41rt-daemon/src/commands/real_full/sampling/lm_head.rs:709:4
    |
709 | fn bf16_bytes_from_f32(values: &[f32]) -> Vec<u8> {
    |    ^^^^^^^^^^^^^^^^^^^

warning: constant `FULL_VOCAB_SAMPLER_OPTIONS` is never used
  --> crates/ds41rt-daemon/src/commands/real_full/sampling/lm_head/scorer.rs:24:7
   |
24 | const FULL_VOCAB_SAMPLER_OPTIONS: RealFullLmHeadSamplingOptions = RealFullLmHeadSamplingOptions {
   |       ^^^^^^^^^^^^^^^^^^^^^^^^^^

warning: function `score_bf16_lm_head_full_resident_sample` is never used
   --> crates/ds41rt-daemon/src/commands/real_full/sampling/lm_head/scorer.rs:179:15
    |
179 | pub(super) fn score_bf16_lm_head_full_resident_sample(
    |               ^^^^^^^^^^^^^^^^^^^^^^^^^^^^^^^^^^^^^^^

warning: function `score_bf16_lm_head_full_resident_sample_device_inputs` is never used
   --> crates/ds41rt-daemon/src/commands/real_full/sampling/lm_head/scorer.rs:279:15
    |
279 | pub(super) fn score_bf16_lm_head_full_resident_sample_device_inputs(
    |               ^^^^^^^^^^^^^^^^^^^^^^^^^^^^^^^^^^^^^^^^^^^^^^^^^^^^^

warning: function `score_bf16_lm_head_full_resident_sample_device_input` is never used
   --> crates/ds41rt-daemon/src/commands/real_full/sampling/lm_head/scorer.rs:531:15
    |
531 | pub(super) fn score_bf16_lm_head_full_resident_sample_device_input(
    |               ^^^^^^^^^^^^^^^^^^^^^^^^^^^^^^^^^^^^^^^^^^^^^^^^^^^^

warning: method `target_physical_token_positions` is never used
   --> crates/ds41rt-daemon/src/commands/real_full/scheduler/execution.rs:371:43
    |
228 | impl RealFullSchedulerExecutionState {
    | ------------------------------------ method in this implementation
...
371 |     pub(in crate::commands::real_full) fn target_physical_token_positions(
    |                                           ^^^^^^^^^^^^^^^^^^^^^^^^^^^^^^^

warning: associated function `preflight` is never used
   --> crates/ds41rt-daemon/src/commands/real_full/scheduler/execution.rs:609:43
    |
608 | impl RealFullSchedulerExecutionShape {
    | ------------------------------------ associated function in this implementation
609 |     pub(in crate::commands::real_full) fn preflight() -> Self {
    |                                           ^^^^^^^^^

warning: function `plan_scheduler_prefill_chunks` is never used
    --> crates/ds41rt-daemon/src/commands/real_full/scheduler/execution.rs:4002:4
     |
4002 | fn plan_scheduler_prefill_chunks(
     |    ^^^^^^^^^^^^^^^^^^^^^^^^^^^^^

warning: function `scheduler_terminal_lm_head_sample` is never used
    --> crates/ds41rt-daemon/src/commands/real_full/scheduler/execution.rs:4195:4
     |
4195 | fn scheduler_terminal_lm_head_sample(
     |    ^^^^^^^^^^^^^^^^^^^^^^^^^^^^^^^^^

warning: associated functions `new`, `new_with_transport`, `new_with_transport_and_cpu_affinity`, and `new_for_model` are never used
    --> crates/ds41rt-daemon/src/commands/real_full/scheduler/execution/progression.rs:1149:43
     |
1148 | impl RealFullSchedulerSparseTcpDispatchWorker {
     | --------------------------------------------- associated functions in this implementation
1149 |     pub(in crate::commands::real_full) fn new(
     |                                           ^^^
...
1160 |     pub(in crate::commands::real_full) fn new_with_transport(
     |                                           ^^^^^^^^^^^^^^^^^^
...
1168 |     pub(in crate::commands::real_full) fn new_with_transport_and_cpu_affinity(
     |                                           ^^^^^^^^^^^^^^^^^^^^^^^^^^^^^^^^^^^
...
1183 |     pub(in crate::commands::real_full) fn new_for_model(
     |                                           ^^^^^^^^^^^^^

warning: associated functions `new`, `new_for_model`, and `with_dispatch_worker` are never used
    --> crates/ds41rt-daemon/src/commands/real_full/scheduler/execution/progression.rs:2216:19
     |
2215 | impl RealFullSchedulerSparseTcpRoutedMlpContext {
     | ----------------------------------------------- associated functions in this implementation
2216 |     pub(super) fn new(
     |                   ^^^
...
2233 |     pub(super) fn new_for_model(
     |                   ^^^^^^^^^^^^^
...
2253 |     pub(in crate::commands::real_full) fn with_dispatch_worker(
     |                                           ^^^^^^^^^^^^^^^^^^^^

warning: function `phase0_spark_expert_mode_is_synthetic_sparse_for_layer` is never used
    --> crates/ds41rt-daemon/src/commands/real_full/scheduler/execution/progression.rs:4625:4
     |
4625 | fn phase0_spark_expert_mode_is_synthetic_sparse_for_layer(value: &str, layer_id: usize) -> bool {
     |    ^^^^^^^^^^^^^^^^^^^^^^^^^^^^^^^^^^^^^^^^^^^^^^^^^^^^^^

warning: associated items `new` and `rechunk_prefill_device_hidden` are never used
    --> crates/ds41rt-daemon/src/commands/real_full/scheduler/execution/progression.rs:5377:19
     |
5376 | impl RealFullSchedulerNumericProgression {
     | ---------------------------------------- associated items in this implementation
5377 |     pub(super) fn new(shape: RealFullSchedulerNumericProgressionShape) -> Self {
     |                   ^^^
...
9360 |     pub(super) fn rechunk_prefill_device_hidden(&mut self, chunk_rows: usize) -> Result<()> {
     |                   ^^^^^^^^^^^^^^^^^^^^^^^^^^^^^

warning: field `completed_segment_indices` is never read
     --> crates/ds41rt-daemon/src/commands/real_full/scheduler/execution/progression.rs:13491:16
      |
13490 | pub(super) struct SchedulerSparseTcpApplyProgress {
      |                   ------------------------------- field in this struct
13491 |     pub(super) completed_segment_indices: Vec<usize>,
      |                ^^^^^^^^^^^^^^^^^^^^^^^^^

warning: function `real_full_scheduler_host_batch_set_verbs_host_dispatch_with_payload` is never used
   --> crates/ds41rt-daemon/src/commands/real_full/scheduler/protocol_v2.rs:428:45
    |
428 | pub(in crate::commands::real_full) async fn real_full_scheduler_host_batch_set_verbs_host_dispatch_with_payload(
    |                                             ^^^^^^^^^^^^^^^^^^^^^^^^^^^^^^^^^^^^^^^^^^^^^^^^^^^^^^^^^^^^^^^^^^^

warning: function `real_full_scheduler_host_batch_set_verbs_host_bf16_payload_dispatch_with_payload` is never used
   --> crates/ds41rt-daemon/src/commands/real_full/scheduler/protocol_v2.rs:709:45
    |
709 | pub(in crate::commands::real_full) async fn real_full_scheduler_host_batch_set_verbs_host_bf16_payload_dispatch_with_payload(
    |                                             ^^^^^^^^^^^^^^^^^^^^^^^^^^^^^^^^^^^^^^^^^^^^^^^^^^^^^^^^^^^^^^^^^^^^^^^^^^^^^^^^

warning: function `real_full_scheduler_host_batch_set_verbs_host_bf16_payload_dispatch_with_payload_structural_stats` is never used
   --> crates/ds41rt-daemon/src/commands/real_full/scheduler/protocol_v2.rs:777:45
    |
777 | ...full) async fn real_full_scheduler_host_batch_set_verbs_host_bf16_payload_dispatch_with_payload_structural_stats(
    |                   ^^^^^^^^^^^^^^^^^^^^^^^^^^^^^^^^^^^^^^^^^^^^^^^^^^^^^^^^^^^^^^^^^^^^^^^^^^^^^^^^^^^^^^^^^^^^^^^^^

warning: function `apply_residual_prefix` is never used
  --> crates/ds41rt-daemon/src/commands/real_full/sparse_mlp/math.rs:30:15
   |
30 | pub(super) fn apply_residual_prefix(residual: &[f32], delta: &[f32]) -> Result<Vec<f32>> {
   |               ^^^^^^^^^^^^^^^^^^^^^

warning: fields `startup_nvfp4_weight` and `startup_nvfp4_scale` are never read
    --> crates/ds41rt-daemon/src/commands/real_full/sparse_mlp/route.rs:1616:5
     |
1578 | struct RouteCudaWorkspace {
     |        ------------------ fields in this struct
...
1616 |     startup_nvfp4_weight: Option<OwnedDeviceAllocation>,
     |     ^^^^^^^^^^^^^^^^^^^^
1617 |     startup_nvfp4_scale: Option<OwnedDeviceAllocation>,
     |     ^^^^^^^^^^^^^^^^^^^

warning: enum `RouteCudaProjectionStageSlot` is never used
    --> crates/ds41rt-daemon/src/commands/real_full/sparse_mlp/route.rs:2105:6
     |
2105 | enum RouteCudaProjectionStageSlot {
     |      ^^^^^^^^^^^^^^^^^^^^^^^^^^^^

warning: methods `quantize_bf16_projection_into_w4a16` and `upload_host_bytes_to_existing_device_buffer` are never used
    --> crates/ds41rt-daemon/src/commands/real_full/sparse_mlp/route.rs:2807:8
     |
2109 | impl RouteCudaWorkspace {
     | ----------------------- methods in this implementation
...
2807 |     fn quantize_bf16_projection_into_w4a16(
     |        ^^^^^^^^^^^^^^^^^^^^^^^^^^^^^^^^^^^
...
2934 |     fn upload_host_bytes_to_existing_device_buffer(
     |        ^^^^^^^^^^^^^^^^^^^^^^^^^^^^^^^^^^^^^^^^^^^

warning: struct `LoadedRouteCudaBf16ExpertShard` is never constructed
    --> crates/ds41rt-daemon/src/commands/real_full/sparse_mlp/route.rs:3146:8
     |
3146 | struct LoadedRouteCudaBf16ExpertShard {
     |        ^^^^^^^^^^^^^^^^^^^^^^^^^^^^^^

warning: function `bf16_bytes_amax` is never used
    --> crates/ds41rt-daemon/src/commands/real_full/sparse_mlp/route.rs:3152:4
     |
3152 | fn bf16_bytes_amax(parts: &[&[u8]], label: &str) -> Result<f32> {
     |    ^^^^^^^^^^^^^^^

warning: function `nvfp4_global_scale_for_bf16` is never used
    --> crates/ds41rt-daemon/src/commands/real_full/sparse_mlp/route.rs:3172:4
     |
3172 | fn nvfp4_global_scale_for_bf16(parts: &[&[u8]], label: &str) -> Result<f32> {
     |    ^^^^^^^^^^^^^^^^^^^^^^^^^^^

warning: function `synthetic_quantized_projection_geometry` is never used
    --> crates/ds41rt-daemon/src/commands/real_full/sparse_mlp/route.rs:3186:4
     |
3186 | fn synthetic_quantized_projection_geometry(
     |    ^^^^^^^^^^^^^^^^^^^^^^^^^^^^^^^^^^^^^^^

warning: function `synthetic_quantized_expert_geometry` is never used
    --> crates/ds41rt-daemon/src/commands/real_full/sparse_mlp/route.rs:3219:4
     |
3219 | fn synthetic_quantized_expert_geometry(
     |    ^^^^^^^^^^^^^^^^^^^^^^^^^^^^^^^^^^^

warning: function `read_exl3_trellis_tp4` is never used
    --> crates/ds41rt-daemon/src/commands/real_full/sparse_mlp/route.rs:3787:4
     |
3787 | fn read_exl3_trellis_tp4(
     |    ^^^^^^^^^^^^^^^^^^^^^

warning: associated items `new` and `store_expert` are never used
    --> crates/ds41rt-daemon/src/commands/real_full/sparse_mlp/route.rs:5855:8
     |
5854 | impl RouteCudaBf16LayerExpertSlab {
     | --------------------------------- associated items in this implementation
5855 |     fn new(
     |        ^^^
...
5922 |     fn store_expert(
     |        ^^^^^^^^^^^^

warning: fields `gate_weight_row_stride_bytes`, `up_weight_row_stride_bytes`, and `down_weight_row_stride_bytes` are never read
    --> crates/ds41rt-daemon/src/commands/real_full/sparse_mlp/route.rs:6035:5
     |
6017 | struct RouteCudaLayerExpertSlab {
     |        ------------------------ fields in this struct
...
6035 |     gate_weight_row_stride_bytes: usize,
     |     ^^^^^^^^^^^^^^^^^^^^^^^^^^^^
6036 |     up_weight_row_stride_bytes: usize,
     |     ^^^^^^^^^^^^^^^^^^^^^^^^^^
6037 |     down_weight_row_stride_bytes: usize,
     |     ^^^^^^^^^^^^^^^^^^^^^^^^^^^^

warning: methods `store_startup_quantized_expert_scalars` and `store_expert_startup_quantized_bf16` are never used
    --> crates/ds41rt-daemon/src/commands/real_full/sparse_mlp/route.rs:6510:8
     |
6040 | impl RouteCudaLayerExpertSlab {
     | ----------------------------- methods in this implementation
...
6510 |     fn store_startup_quantized_expert_scalars(
     |        ^^^^^^^^^^^^^^^^^^^^^^^^^^^^^^^^^^^^^^
...
6547 |     fn store_expert_startup_quantized_bf16(
     |        ^^^^^^^^^^^^^^^^^^^^^^^^^^^^^^^^^^^

warning: fields `weight_bytes_read` and `quant_metadata_bytes_read` are never read
    --> crates/ds41rt-daemon/src/commands/real_full/sparse_mlp/route.rs:6847:40
     |
6845 | pub(in crate::commands::real_full) struct RouteExecution {
     |                                           -------------- fields in this struct
6846 |     pub(in crate::commands::real_full) outputs: Vec<f32>,
6847 |     pub(in crate::commands::real_full) weight_bytes_read: u64,
     |                                        ^^^^^^^^^^^^^^^^^
6848 |     pub(in crate::commands::real_full) quant_metadata_bytes_read: u64,
     |                                        ^^^^^^^^^^^^^^^^^^^^^^^^^

warning: function `plan_ds4_flash_packed_topk6_routes` is never used
    --> crates/ds41rt-daemon/src/commands/real_full/sparse_mlp/route.rs:6876:4
     |
6876 | fn plan_ds4_flash_packed_topk6_routes(
     |    ^^^^^^^^^^^^^^^^^^^^^^^^^^^^^^^^^^

warning: function `execute_nvfp4_route` is never used
     --> crates/ds41rt-daemon/src/commands/real_full/sparse_mlp/route.rs:11431:39
      |
11431 | pub(in crate::commands::real_full) fn execute_nvfp4_route(
      |                                       ^^^^^^^^^^^^^^^^^^^

warning: function `load_route_cuda_bf16_projection_shard` is never used
     --> crates/ds41rt-daemon/src/commands/real_full/sparse_mlp/route.rs:14555:4
      |
14555 | fn load_route_cuda_bf16_projection_shard(
      |    ^^^^^^^^^^^^^^^^^^^^^^^^^^^^^^^^^^^^^

warning: function `load_route_cuda_bf16_expert_shard` is never used
     --> crates/ds41rt-daemon/src/commands/real_full/sparse_mlp/route.rs:14580:4
      |
14580 | fn load_route_cuda_bf16_expert_shard(
      |    ^^^^^^^^^^^^^^^^^^^^^^^^^^^^^^^^^

warning: function `preload_routed_bf16_projection_cuda_cache` is never used
     --> crates/ds41rt-daemon/src/commands/real_full/sparse_mlp/route.rs:14603:39
      |
14603 | pub(in crate::commands::real_full) fn preload_routed_bf16_projection_cuda_cache(
      |                                       ^^^^^^^^^^^^^^^^^^^^^^^^^^^^^^^^^^^^^^^^^

warning: function `preload_startup_quantized_bf16_projection_cuda_cache` is never used
     --> crates/ds41rt-daemon/src/commands/real_full/sparse_mlp/route.rs:14693:39
      |
14693 | pub(in crate::commands::real_full) fn preload_startup_quantized_bf16_projection_cuda_cache(
      |                                       ^^^^^^^^^^^^^^^^^^^^^^^^^^^^^^^^^^^^^^^^^^^^^^^^^^^^

warning: fields `score` and `corrected_score` are never read
  --> crates/ds41rt-daemon/src/commands/real_full/sparse_mlp/router.rs:23:40
   |
21 | pub(in crate::commands::real_full) struct ScoredRoute {
   |                                           ----------- fields in this struct
22 |     pub(in crate::commands::real_full) expert_id: usize,
23 |     pub(in crate::commands::real_full) score: f32,
   |                                        ^^^^^
24 |     pub(in crate::commands::real_full) corrected_score: f32,
   |                                        ^^^^^^^^^^^^^^^
   |
   = note: `ScoredRoute` has a derived impl for the trait `Clone`, but this is intentionally ignored during dead code analysis

warning: fields `router_weight_bytes_read` and `router_bias_bytes_read` are never read
  --> crates/ds41rt-daemon/src/commands/real_full/sparse_mlp/router.rs:30:40
   |
28 | pub(in crate::commands::real_full) struct RouterScoring {
   |                                           ------------- fields in this struct
29 |     pub(in crate::commands::real_full) routes: Vec<ScoredRoute>,
30 |     pub(in crate::commands::real_full) router_weight_bytes_read: u64,
   |                                        ^^^^^^^^^^^^^^^^^^^^^^^^
31 |     pub(in crate::commands::real_full) router_bias_bytes_read: u64,
   |                                        ^^^^^^^^^^^^^^^^^^^^^^

warning: field `tensor_loads` is never read
   --> crates/ds41rt-daemon/src/commands/real_full/sparse_mlp/router.rs:116:40
    |
114 | pub(in crate::commands::real_full) struct RouterTensorCacheStats {
    |                                           ---------------------- field in this struct
115 |     pub(in crate::commands::real_full) entries: usize,
116 |     pub(in crate::commands::real_full) tensor_loads: usize,
    |                                        ^^^^^^^^^^^^
    |
    = note: `RouterTensorCacheStats` has derived impls for the traits `Debug` and `Clone`, but these are intentionally ignored during dead code analysis

warning: function `score_real_router_routes_cached` is never used
   --> crates/ds41rt-daemon/src/commands/real_full/sparse_mlp/router.rs:254:15
    |
254 | pub(super) fn score_real_router_routes_cached(
    |               ^^^^^^^^^^^^^^^^^^^^^^^^^^^^^^^

warning: function `score_real_router_routes_from_tensors` is never used
   --> crates/ds41rt-daemon/src/commands/real_full/sparse_mlp/router.rs:850:4
    |
850 | fn score_real_router_routes_from_tensors(
    |    ^^^^^^^^^^^^^^^^^^^^^^^^^^^^^^^^^^^^^

warning: function `score_router_routes_with_backend` is never used
    --> crates/ds41rt-daemon/src/commands/real_full/sparse_mlp/router.rs:1017:4
     |
1017 | fn score_router_routes_with_backend(
     |    ^^^^^^^^^^^^^^^^^^^^^^^^^^^^^^^^

warning: function `score_router_routes_with_preloaded_backend` is never used
    --> crates/ds41rt-daemon/src/commands/real_full/sparse_mlp/router.rs:1041:4
     |
1041 | fn score_router_routes_with_preloaded_backend(
     |    ^^^^^^^^^^^^^^^^^^^^^^^^^^^^^^^^^^^^^^^^^^

warning: function `real_full_device_hidden_row` is never used
   --> crates/ds41rt-daemon/src/commands/real_full/target_sampling.rs:296:39
    |
296 | pub(in crate::commands::real_full) fn real_full_device_hidden_row(
    |                                       ^^^^^^^^^^^^^^^^^^^^^^^^^^^

warning: function `real_full_last_device_hidden_row` is never used
   --> crates/ds41rt-daemon/src/commands/real_full/target_sampling.rs:344:39
    |
344 | pub(in crate::commands::real_full) fn real_full_last_device_hidden_row(
    |                                       ^^^^^^^^^^^^^^^^^^^^^^^^^^^^^^^^

warning: associated items `pages_for_context` and `invalidate` are never used
   --> crates/ds41rt-daemon/src/v41_compressor.rs:79:12
    |
 66 | impl<'a> CompressorState<'a> {
    | ---------------------------- associated items in this implementation
...
 79 |     pub fn pages_for_context(layer: usize, slots: usize, context: usize) -> Result<usize> {
    |            ^^^^^^^^^^^^^^^^^
...
236 |     pub fn invalidate(&mut self, leases: &[CompressorLease]) -> Result<()> {
    |            ^^^^^^^^^^

warning: fields `buffer`, `frequencies`, `index_key`, and `completed` are never read
   --> crates/ds41rt-daemon/src/v41_compressor.rs:366:9
    |
365 | pub(crate) struct CompressorOutput<'a> {
    |                   ---------------- fields in this struct
366 |     pub buffer: Ds41rtDeviceBuffer,
    |         ^^^^^^
367 |     pub frequencies: Ds41rtDeviceBuffer,
    |         ^^^^^^^^^^^
368 |     /// Normalized, rotated index key before FP4 cache encoding.
369 |     pub index_key: Ds41rtDeviceBuffer,
    |         ^^^^^^^^^
...
376 |     pub completed: &'a [CompressorLatentRow],
    |         ^^^^^^^^^

warning: field `staging` is never read
  --> crates/ds41rt-daemon/src/v41_compressor/source_cache.rs:42:5
   |
34 | pub(crate) struct SourceCache<'a> {
   |                   ----------- field in this struct
...
42 |     staging: HostAllocation<'a>,
   |     ^^^^^^^

warning: method `upload` is never used
   --> crates/ds41rt-daemon/src/v41_compressor/source_cache.rs:268:19
    |
 80 | impl<'a> SourceCache<'a> {
    | ------------------------ method in this implementation
...
268 |     pub unsafe fn upload(&mut self, plan: &IndexPlan, stream: *mut c_void) -> Result<()> {
    |                   ^^^^^^

warning: method `copy_slot_metadata` is never used
   --> crates/ds41rt-daemon/src/v41_compressor/source_cache/replica.rs:143:19
    |
 40 | impl<'a> SourceReplica<'a> {
    | -------------------------- method in this implementation
...
143 |     pub unsafe fn copy_slot_metadata(&self, source: &SourceCache<'_>, slot: usize,
    |                   ^^^^^^^^^^^^^^^^^^

warning: methods `query_rank`, `hidden`, `positions`, and `clear_graph` are never used
   --> crates/ds41rt-daemon/src/v41_index_query.rs:199:12
    |
190 | impl IndexQueryWave<'_, '_> {
    | --------------------------- methods in this implementation
...
199 |     pub fn query_rank(&self) -> Ds41rtDeviceBuffer {
    |            ^^^^^^^^^^
...
203 |     pub fn hidden(&self) -> Ds41rtDeviceBuffer {
    |            ^^^^^^
...
207 |     pub fn positions(&self) -> Ds41rtDeviceBuffer {
    |            ^^^^^^^^^
...
449 |     pub fn clear_graph(&mut self) -> Result<()> {
    |            ^^^^^^^^^^^

warning: field `format` is never read
   --> crates/ds41rt-daemon/src/v41_experts.rs:186:5
    |
179 | pub(crate) struct ExpertWeights<'a> {
    |                   ------------- field in this struct
...
186 |     format: ExpertFormat,
    |     ^^^^^^

warning: method `format` is never used
   --> crates/ds41rt-daemon/src/v41_experts.rs:260:19
    |
188 | impl<'a> ExpertWeights<'a> {
    | -------------------------- method in this implementation
...
260 |     pub(crate) fn format(&self) -> ExpertFormat {
    |                   ^^^^^^

warning: methods `execute`, `execute_ffn`, `execute_prepared`, and `output` are never used
   --> crates/ds41rt-daemon/src/v41_experts/coordinator.rs:154:18
    |
 25 | impl<'a> NativeTp4Wave<'a> {
    | -------------------------- methods in this implementation
...
154 |     pub async fn execute(
    |                  ^^^^^^^
...
179 |     pub async unsafe fn execute_ffn<'w>(
    |                         ^^^^^^^^^^^
...
227 |     async fn execute_prepared(
    |              ^^^^^^^^^^^^^^^^
...
253 |     pub fn output(&self) -> Result<Ds41rtDeviceBuffer> {
    |            ^^^^^^

warning: function `copy_chunk` is never used
   --> crates/ds41rt-daemon/src/v41_experts/coordinator.rs:304:4
    |
304 | fn copy_chunk(
    |    ^^^^^^^^^^

warning: associated function `device_bytes` is never used
  --> crates/ds41rt-daemon/src/v41_experts/local.rs:69:12
   |
59 | impl<'a> LocalExpertWave<'a> {
   | ---------------------------- associated function in this implementation
...
69 |     pub fn device_bytes(library: &NativeLibrary, capacity: u32) -> Result<usize> {
   |            ^^^^^^^^^^^^

warning: associated function `load_exl3` is never used
  --> crates/ds41rt-daemon/src/v41_experts/tp2.rs:80:12
   |
62 | impl<'a> RankWeights<'a> {
   | ------------------------ associated function in this implementation
...
80 |     pub fn load_exl3(
   |            ^^^^^^^^^

warning: method `execute_shared` is never used
   --> crates/ds41rt-daemon/src/v41_experts/tp2_ffn.rs:131:25
    |
 46 | impl<'a> Wave<'a> {
    | ----------------- method in this implementation
...
131 |     pub async unsafe fn execute_shared(
    |                         ^^^^^^^^^^^^^^

warning: field `budget` is never read
   --> crates/ds41rt-daemon/src/v41_experts/dspark.rs:117:5
    |
112 | pub(crate) struct DsparkWeights<'library> {
    |                   ------------- field in this struct
...
117 |     budget: DsparkBudget,
    |     ^^^^^^

warning: associated items `plan`, `load_serving`, `load`, `windows`, and `budget` are never used
   --> crates/ds41rt-daemon/src/v41_experts/dspark.rs:159:12
    |
122 | impl<'library> DsparkWeights<'library> {
    | -------------------------------------- associated items in this implementation
...
159 |     pub fn plan(
    |            ^^^^
...
215 |     pub fn load_serving(
    |            ^^^^^^^^^^^^
...
272 |     pub fn load(
    |            ^^^^
...
347 |     pub fn windows(&self, budget: usize) -> Result<[DsparkWindow<'library>; 3]> {
    |            ^^^^^^^
...
360 |     pub fn budget(&self) -> DsparkBudget {
    |            ^^^^^^

warning: methods `execute` and `output` are never used
   --> crates/ds41rt-daemon/src/v41_experts/dspark/chain/distributed.rs:53:25
    |
 17 | impl<'w, 'a> DistributedDsparkChain<'w, 'a> {
    | ------------------------------------------- methods in this implementation
...
 53 |     pub async unsafe fn execute(&mut self, windows: [&DsparkWindow<'_>; 3],
    |                         ^^^^^^^
...
173 |     pub fn output(&self) -> Result<[Ds41rtDeviceBuffer; 3]> {
    |            ^^^^^^

warning: methods `enqueue`, `execute`, `capture`, `replay`, and `output` are never used
   --> crates/ds41rt-daemon/src/v41_experts/dspark/stage.rs:87:15
    |
 63 | impl DsparkStage<'_, '_> {
    | ------------------------ methods in this implementation
...
 87 |     unsafe fn enqueue(&mut self, read: &WindowRead, requests: usize) -> Result<()> {
    |               ^^^^^^^
...
135 |     pub unsafe fn execute(
    |                   ^^^^^^^
...
157 |     pub unsafe fn capture(
    |                   ^^^^^^^
...
190 |     pub unsafe fn replay(
    |                   ^^^^^^
...
211 |     pub fn output(&self) -> Result<[Ds41rtDeviceBuffer; 2]> {
    |            ^^^^^^

warning: methods `enqueue_block_tap`, `enqueue_tap`, `capture`, `replay`, and `output` are never used
   --> crates/ds41rt-daemon/src/v41_experts/dspark/main_context.rs:108:19
    |
 81 | impl DsparkMainContext<'_, '_> {
    | ------------------------------ methods in this implementation
...
108 |     pub unsafe fn enqueue_block_tap(
    |                   ^^^^^^^^^^^^^^^^^
...
136 |     pub unsafe fn enqueue_tap(
    |                   ^^^^^^^^^^^
...
248 |     pub unsafe fn capture(&mut self, rows: u32) -> Result<()> {
    |                   ^^^^^^^
...
276 |     pub unsafe fn replay(&mut self, rows: u32) -> Result<()> {
    |                   ^^^^^^
...
291 |     pub fn output(&self) -> Result<Ds41rtDeviceBuffer> {
    |            ^^^^^^

warning: method `output` is never used
  --> crates/ds41rt-daemon/src/v41_experts/dspark/main_context/proposal.rs:85:12
   |
84 | impl MainProposal<'_, '_, '_> {
   | ----------------------------- method in this implementation
85 |     pub fn output(&self) -> Result<Ds41rtDeviceBuffer> {
   |            ^^^^^^

warning: associated items `projection_capacity`, `device_bytes`, `execute`, `capture`, `replay`, and `output` are never used
   --> crates/ds41rt-daemon/src/v41_experts/dspark/attention_wave.rs:80:19
    |
 79 | impl DsparkAttentionWave<'_, '_> {
    | -------------------------------- associated items in this implementation
 80 |     pub(super) fn projection_capacity(requests: u32) -> Result<u32> {
    |                   ^^^^^^^^^^^^^^^^^^^
...
 97 |     pub fn device_bytes(library: &NativeLibrary, requests: u32) -> Result<usize> {
    |            ^^^^^^^^^^^^
...
239 |     pub unsafe fn execute(
    |                   ^^^^^^^
...
255 |     pub unsafe fn capture(
    |                   ^^^^^^^
...
289 |     pub unsafe fn replay(
    |                   ^^^^^^
...
311 |     pub fn output(&self) -> Result<Ds41rtDeviceBuffer> {
    |            ^^^^^^

warning: methods `execute`, `capture`, `replay`, and `output` are never used
   --> crates/ds41rt-daemon/src/v41_experts/dspark/attention_output.rs:119:19
    |
 63 | impl DsparkAttentionOutput<'_, '_> {
    | ---------------------------------- methods in this implementation
...
119 |     pub unsafe fn execute(&mut self, rows: u32) -> Result<Ds41rtDeviceBuffer> {
    |                   ^^^^^^^
...
128 |     pub unsafe fn capture(&mut self, rows: u32) -> Result<()> {
    |                   ^^^^^^^
...
161 |     pub unsafe fn replay(&mut self, rows: u32) -> Result<Ds41rtDeviceBuffer> {
    |                   ^^^^^^
...
180 |     pub fn output(&self) -> Result<Ds41rtDeviceBuffer> {
    |            ^^^^^^

warning: field `ready_rows` is never read
  --> crates/ds41rt-daemon/src/v41_experts/dspark/confidence.rs:17:5
   |
 8 | pub(crate) struct DsparkConfidence<'weights, 'library> {
   |                   ---------------- field in this struct
...
17 |     ready_rows: Option<usize>,
   |     ^^^^^^^^^^

warning: methods `enqueue`, `execute`, `capture`, `replay`, `clear_graph`, and `output` are never used
   --> crates/ds41rt-daemon/src/v41_experts/dspark/confidence.rs:71:15
    |
 50 | impl DsparkConfidence<'_, '_> {
    | ----------------------------- methods in this implementation
...
 71 |     unsafe fn enqueue(&self, rows: usize) -> Result<()> {
    |               ^^^^^^^
...
 96 |     pub unsafe fn execute(&mut self, rows: usize) -> Result<Ds41rtDeviceBuffer> {
    |                   ^^^^^^^
...
108 |     pub unsafe fn capture(&mut self, rows: usize) -> Result<()> {
    |                   ^^^^^^^
...
138 |     pub unsafe fn replay(&mut self, rows: usize) -> Result<Ds41rtDeviceBuffer> {
    |                   ^^^^^^
...
154 |     pub fn clear_graph(&mut self) -> Result<()> {
    |            ^^^^^^^^^^^
...
165 |     pub fn output(&self) -> Result<Ds41rtDeviceBuffer> {
    |            ^^^^^^

warning: methods `execute`, `capture`, `replay`, and `output` are never used
   --> crates/ds41rt-daemon/src/v41_experts/dspark/projection.rs:231:19
    |
178 | impl DsparkProjection<'_, '_> {
    | ----------------------------- methods in this implementation
...
231 |     pub unsafe fn execute(&mut self, rows: u32) -> Result<Ds41rtDeviceBuffer> {
    |                   ^^^^^^^
...
241 |     pub unsafe fn capture(&mut self, rows: u32) -> Result<()> {
    |                   ^^^^^^^
...
275 |     pub unsafe fn replay(&mut self, rows: u32) -> Result<Ds41rtDeviceBuffer> {
    |                   ^^^^^^
...
292 |     pub fn output(&self) -> Result<Ds41rtDeviceBuffer> {
    |            ^^^^^^

warning: field `device_bytes` is never read
  --> crates/ds41rt-daemon/src/v41_experts/dspark/ffn.rs:14:5
   |
 8 | pub(crate) struct DsparkFfn<'weights, 'library> {
   |                   --------- field in this struct
...
14 |     device_bytes: usize,
   |     ^^^^^^^^^^^^

warning: multiple methods are never used
   --> crates/ds41rt-daemon/src/v41_experts/dspark/ffn.rs:75:19
    |
 69 | impl DsparkFfn<'_, '_> {
    | ---------------------- methods in this implementation
...
 75 |     pub(super) fn stream(&self) -> *mut c_void {
    |                   ^^^^^^
...
 85 |     pub(super) unsafe fn complete_replay(&mut self, rows: u32) -> Result<[Ds41rtDeviceBuffer; 2]> {
    |                          ^^^^^^^^^^^^^^^
...
 89 |     pub fn device_bytes(&self) -> usize {
    |            ^^^^^^^^^^^^
...
101 |     pub unsafe fn execute(&mut self, rows: u32) -> Result<[Ds41rtDeviceBuffer; 2]> {
    |                   ^^^^^^^
...
111 |     pub(super) unsafe fn enqueue(&mut self, rows: u32) -> Result<()> {
    |                          ^^^^^^^
...
136 |     pub unsafe fn capture(&mut self, rows: u32) -> Result<()> {
    |                   ^^^^^^^
...
165 |     pub unsafe fn replay(&mut self, rows: u32) -> Result<[Ds41rtDeviceBuffer; 2]> {
    |                   ^^^^^^
...
178 |     pub fn output(&self) -> Result<[Ds41rtDeviceBuffer; 2]> {
    |            ^^^^^^

warning: field `ready_rows` is never read
  --> crates/ds41rt-daemon/src/v41_experts/dspark/markov.rs:20:5
   |
10 | pub(crate) struct DsparkMarkov<'weights, 'library> {
   |                   ------------ field in this struct
...
20 |     ready_rows: Option<usize>,
   |     ^^^^^^^^^^

warning: methods `enqueue`, `execute`, `capture`, `replay`, `clear_graph`, and `output` are never used
   --> crates/ds41rt-daemon/src/v41_experts/dspark/markov.rs:75:15
    |
 55 | impl DsparkMarkov<'_, '_> {
    | ------------------------- methods in this implementation
...
 75 |     unsafe fn enqueue(&self, rows: usize) -> Result<()> {
    |               ^^^^^^^
...
110 |     pub unsafe fn execute(&mut self, rows: usize) -> Result<[Ds41rtDeviceBuffer; 2]> {
    |                   ^^^^^^^
...
122 |     pub unsafe fn capture(&mut self, rows: usize) -> Result<()> {
    |                   ^^^^^^^
...
152 |     pub unsafe fn replay(&mut self, rows: usize) -> Result<[Ds41rtDeviceBuffer; 2]> {
    |                   ^^^^^^
...
168 |     pub fn clear_graph(&mut self) -> Result<()> {
    |            ^^^^^^^^^^^
...
180 |     pub fn output(&self) -> Result<[Ds41rtDeviceBuffer; 2]> {
    |            ^^^^^^

warning: multiple associated items are never used
   --> crates/ds41rt-daemon/src/v41_experts/dspark/terminal.rs:96:12
    |
 95 | impl DsparkTerminal<'_, '_> {
    | --------------------------- associated items in this implementation
 96 |     pub fn additional_bytes(capacity: usize) -> Result<usize> {
    |            ^^^^^^^^^^^^^^^^
...
110 |     pub fn device_bytes(capacity: usize) -> Result<usize> {
    |            ^^^^^^^^^^^^
...
215 |     unsafe fn enqueue(&self, requests: usize) -> Result<()> {
    |               ^^^^^^^
...
305 |     pub unsafe fn execute(&mut self, requests: usize) -> Result<[Ds41rtDeviceBuffer; 3]> {
    |                   ^^^^^^^
...
316 |     pub unsafe fn capture(&mut self, requests: usize) -> Result<()> {
    |                   ^^^^^^^
...
346 |     pub unsafe fn replay(&mut self, requests: usize) -> Result<[Ds41rtDeviceBuffer; 3]> {
    |                   ^^^^^^
...
366 |     pub fn clear_graph(&mut self) -> Result<()> {
    |            ^^^^^^^^^^^
...
378 |     pub fn output(&self) -> Result<[Ds41rtDeviceBuffer; 3]> {
    |            ^^^^^^

warning: associated items `device_bytes` and `execute` are never used
  --> crates/ds41rt-daemon/src/v41_experts/dspark/terminal/distributed.rs:18:12
   |
17 | impl<'w, 'a> DistributedDsparkTerminal<'w, 'a> {
   | ---------------------------------------------- associated items in this implementation
18 |     pub fn device_bytes(capacity: usize, split: usize) -> Result<[usize; 2]> {
   |            ^^^^^^^^^^^^
...
83 |     pub async unsafe fn execute(&mut self, requests: usize) -> Result<[Ds41rtDeviceBuffer; 3]> {
   |                         ^^^^^^^

warning: method `stream` is never used
  --> crates/ds41rt-daemon/src/v41_experts/dspark/expert_backend.rs:19:12
   |
18 | impl DraftExperts<'_, '_> {
   | ------------------------- method in this implementation
19 |     pub fn stream(&self) -> *mut c_void {
   |            ^^^^^^

warning: method `stream` is never used
  --> crates/ds41rt-daemon/src/v41_experts/dspark/tp2.rs:37:12
   |
24 | impl<'w,'a> RoutedWave<'w,'a> {
   | ----------------------------- method in this implementation
...
37 |     pub fn stream(&self)->*mut c_void {self.stream.raw}
   |            ^^^^^^

warning: field `budget` is never read
  --> crates/ds41rt-daemon/src/v41_experts/execution.rs:70:5
   |
50 | pub(crate) struct ExpertExecution<'weights, 'library> {
   |                   --------------- field in this struct
...
70 |     budget: ExpertExecutionBudget,
   |     ^^^^^^

warning: multiple methods are never used
   --> crates/ds41rt-daemon/src/v41_experts/execution.rs:262:12
    |
235 | impl<'weights, 'library> ExpertExecution<'weights, 'library> {
    | ------------------------------------------------------------ methods in this implementation
...
262 |     pub fn budget(&self) -> ExpertExecutionBudget {
    |            ^^^^^^
...
265 |     pub fn stream(&self) -> *mut c_void {
    |            ^^^^^^
...
274 |     pub fn shared(&self) -> Option<Ds41rtDeviceBuffer> {
    |            ^^^^^^
...
327 |     pub unsafe fn ffn_draft(
    |                   ^^^^^^^^^
...
339 |     pub(super) unsafe fn enqueue_draft_ffn(
    |                          ^^^^^^^^^^^^^^^^^
...
379 |     pub unsafe fn shared_draft(
    |                   ^^^^^^^^^^^^
...
407 |     pub unsafe fn route_draft(
    |                   ^^^^^^^^^^^
...
476 |     pub unsafe fn capture(&mut self, rows: u32, include_shared: bool) -> Result<()> {
    |                   ^^^^^^^
...
509 |     pub unsafe fn replay(&mut self) -> Result<()> {
    |                   ^^^^^^

warning: associated items `plan`, `new`, `with_input_format`, and `launch` are never used
   --> crates/ds41rt-daemon/src/v41_experts/exl3/execution.rs:255:19
    |
242 | impl<'a> Exl3Execution<'a> {
    | -------------------------- associated items in this implementation
...
255 |     pub(crate) fn plan(directory: &Path, format: Exl3InputFormat) -> Result<usize> {
    |                   ^^^^
...
263 |     pub(crate) unsafe fn new(
    |                          ^^^
...
271 |     pub(crate) unsafe fn with_input_format(
    |                          ^^^^^^^^^^^^^^^^^
...
586 |     pub(crate) unsafe fn launch(
    |                          ^^^^^^

warning: method `copy` is never used
   --> crates/ds41rt-daemon/src/v41_memory/device.rs:215:25
    |
200 | impl<'a> PeerTransfer<'a> {
    | ------------------------- method in this implementation
...
215 |     pub async unsafe fn copy(&mut self, source: &Allocation<'a>, destination: &mut Allocation<'a>,
    |                         ^^^^

warning: fields `projected`, `normalized`, and `frequencies` are never read
   --> crates/ds41rt-daemon/src/v41_window.rs:346:9
    |
343 | pub(crate) struct WindowOutput<'a> {
    |                   ------------ fields in this struct
...
346 |     pub projected: Ds41rtDeviceBuffer,
    |         ^^^^^^^^^
347 |     pub normalized: Ds41rtDeviceBuffer,
    |         ^^^^^^^^^^
348 |     pub frequencies: Ds41rtDeviceBuffer,
    |         ^^^^^^^^^^^

warning: struct `SparseAttentionOutput` is never constructed
  --> crates/ds41rt-daemon/src/v41_sparse_attention.rs:20:19
   |
20 | pub(crate) struct SparseAttentionOutput<'a> {
   |                   ^^^^^^^^^^^^^^^^^^^^^

warning: methods `binding` and `tokens` are never used
  --> crates/ds41rt-daemon/src/v41_sparse_attention.rs:29:12
   |
28 | impl SparseAttentionOutput<'_> {
   | ------------------------------ methods in this implementation
29 |     pub fn binding(&self) -> Result<QueryBinding> {
   |            ^^^^^^^
...
34 |     pub fn tokens(&self) -> Result<&[u64]> {
   |            ^^^^^^

warning: methods `input`, `execute_query`, `execute`, `execute_query_then`, `query_then`, and `execute_staged` are never used
   --> crates/ds41rt-daemon/src/v41_sparse_attention.rs:173:12
    |
108 | impl<'a,const HEADS:usize> LocalSparseAttentionWave<'a,HEADS> {
    | ------------------------------------------------------------- methods in this implementation
...
173 |     pub fn input(&self) -> Ds41rtDeviceBuffer {
    |            ^^^^^
...
236 |     pub unsafe fn execute_query<'s>(
    |                   ^^^^^^^^^^^^^
...
279 |     pub unsafe fn execute<'s>(
    |                   ^^^^^^^
...
299 |     pub unsafe fn execute_query_then<T>(
    |                   ^^^^^^^^^^^^^^^^^^
...
385 |     unsafe fn query_then<T>(&mut self, query: &AttentionQueryOutput<'_>, sink: Ds41rtDeviceBuffer,
    |               ^^^^^^^^^^
...
417 |     unsafe fn execute_staged<'s>(
    |               ^^^^^^^^^^^^^^

warning: method `enqueue` is never used
   --> crates/ds41rt-daemon/src/v41_sparse_attention/dual.rs:181:19
    |
 18 | impl<'a> DualAttentionWave<'a> {
    | ------------------------------ method in this implementation
...
181 |     pub unsafe fn enqueue<'s>(&'s mut self, query: &AttentionQueryOutput<'_>,
    |                   ^^^^^^^

warning: method `complete` is never used
   --> crates/ds41rt-daemon/src/v41_sparse_attention/dual.rs:211:18
    |
210 | impl PendingDualAttention<'_,'_> {
    | -------------------------------- method in this implementation
211 |     pub async fn complete(self) -> Result<QueuedSparseAttention> {
    |                  ^^^^^^^^

warning: associated functions `device_bytes` and `load` are never used
  --> crates/ds41rt-daemon/src/v41_attention_query.rs:37:12
   |
26 | impl<'a> AttentionQueryWeights<'a> {
   | ---------------------------------- associated functions in this implementation
...
37 |     pub fn device_bytes(
   |            ^^^^^^^^^^^^
...
55 |     pub fn load(
   |            ^^^^

warning: fields `raw_rank` and `frequencies` are never read
   --> crates/ds41rt-daemon/src/v41_attention_query.rs:160:9
    |
154 | pub(crate) struct AttentionQueryOutput<'a> {
    |                   -------------------- fields in this struct
...
160 |     pub raw_rank: Ds41rtDeviceBuffer,
    |         ^^^^^^^^
...
168 |     pub frequencies: Ds41rtDeviceBuffer,
    |         ^^^^^^^^^^^

warning: methods `execute_tokens` and `clear_graph` are never used
   --> crates/ds41rt-daemon/src/v41_attention_query.rs:395:19
    |
214 | impl AttentionQueryWave<'_, '_> {
    | ------------------------------- methods in this implementation
...
395 |     pub unsafe fn execute_tokens(&mut self, tokens: &[u64]) -> Result<AttentionQueryOutput<'_>> {
    |                   ^^^^^^^^^^^^^^
...
578 |     pub fn clear_graph(&mut self) -> Result<()> {
    |            ^^^^^^^^^^^

warning: methods `sublayer_result`, `begin`, `finish`, and `complete_replay` are never used
   --> crates/ds41rt-daemon/src/v41_hc.rs:116:12
    |
104 | impl HcSublayer<'_, '_> {
    | ----------------------- methods in this implementation
...
116 |     pub fn sublayer_result(&self) -> Ds41rtDeviceBuffer {
    |            ^^^^^^^^^^^^^^^
...
131 |     pub unsafe fn begin(&mut self, rows: usize) -> Result<Ds41rtDeviceBuffer> {
    |                   ^^^^^
...
222 |     pub unsafe fn finish(&mut self) -> Result<[Ds41rtDeviceBuffer; 2]> {
    |                   ^^^^^^
...
263 |     pub(crate) unsafe fn complete_replay(
    |                          ^^^^^^^^^^^^^^^

warning: fields `input` and `intermediates` are never read
   --> crates/ds41rt-daemon/src/v41_backbone_shared.rs:120:9
    |
117 | pub(crate) struct SharedOutput<'a> {
    |                   ------------ fields in this struct
...
120 |     pub input: Ds41rtDeviceBuffer,
    |         ^^^^^
121 |     pub intermediates: [Ds41rtDeviceBuffer; 3],
    |         ^^^^^^^^^^^^^

warning: methods `input` and `clear_graph` are never used
   --> crates/ds41rt-daemon/src/v41_backbone_shared.rs:170:12
    |
166 | impl BackboneSharedWave<'_, '_> {
    | ------------------------------- methods in this implementation
...
170 |     pub fn input(&self) -> Ds41rtDeviceBuffer {
    |            ^^^^^
...
355 |     pub fn clear_graph(&mut self) -> Result<()> {
    |            ^^^^^^^^^^^

warning: fields `mask` and `scores` are never read
   --> crates/ds41rt-daemon/src/v41_backbone_router.rs:103:9
    |
 97 | pub(crate) struct RouterOutput<'a> {
    |                   ------------ fields in this struct
...
103 |     pub mask: Ds41rtDeviceBuffer,
    |         ^^^^
104 |     pub scores: Ds41rtDeviceBuffer,
    |         ^^^^^^

warning: methods `inputs` and `clear_graph` are never used
   --> crates/ds41rt-daemon/src/v41_backbone_router.rs:386:12
    |
367 | impl BackboneRouterWave<'_, '_> {
    | ------------------------------- methods in this implementation
...
386 |     pub fn inputs(&self) -> [Ds41rtDeviceBuffer; 2] {
    |            ^^^^^^
...
672 |     pub fn clear_graph(&mut self) -> Result<()> {
    |            ^^^^^^^^^^^

warning: field `pre` is never read
  --> crates/ds41rt-daemon/src/v41_block.rs:24:9
   |
22 | pub(crate) struct PreparedBlockInput<'a> {
   |                   ------------------ field in this struct
23 |     pub residual: Ds41rtDeviceBuffer,
24 |     pub pre: Ds41rtDeviceBuffer,
   |         ^^^

warning: fields `residual` and `incoming_pre` are never read
  --> crates/ds41rt-daemon/src/v41_block.rs:33:9
   |
32 | pub(crate) struct FfnInput<'a> {
   |                   -------- fields in this struct
33 |     pub residual: Ds41rtDeviceBuffer,
   |         ^^^^^^^^
34 |     pub incoming_pre: Ds41rtDeviceBuffer,
   |         ^^^^^^^^^^^^

warning: methods `begin_attention_cooperative`, `begin_prepared_attention_cooperative`, and `begin_ffn` are never used
   --> crates/ds41rt-daemon/src/v41_block.rs:333:25
    |
 66 | impl<'w, 'a> BackboneBlockWave<'w, 'a> {
    | -------------------------------------- methods in this implementation
...
333 |     pub async unsafe fn begin_attention_cooperative<'q>(&mut self,
    |                         ^^^^^^^^^^^^^^^^^^^^^^^^^^^
...
366 |     pub async unsafe fn begin_prepared_attention_cooperative<'q>(&mut self,
    |                         ^^^^^^^^^^^^^^^^^^^^^^^^^^^^^^^^^^^^
...
385 |     pub unsafe fn begin_ffn(&mut self, output: &AttentionOutput<'_>) -> Result<FfnInput<'_>> {
    |                   ^^^^^^^^^

warning: method `execute_shared` is never used
   --> crates/ds41rt-daemon/src/v41_backbone_lane.rs:400:19
    |
247 | impl LaneFfn<'_, '_, '_> {
    | ------------------------ method in this implementation
...
400 |     pub unsafe fn execute_shared(&mut self) -> Result<SharedOutput<'_>> {
    |                   ^^^^^^^^^^^^^^

warning: associated functions `distributed_device_bytes` and `load_distributed` are never used
  --> crates/ds41rt-daemon/src/v41_backbone_lane/placement.rs:5:12
   |
 3 | impl<'a> BackboneLaneWeights<'a> {
   | -------------------------------- associated functions in this implementation
 4 |     /// TP2 shared weights are budgeted and loaded by their rank owners, not here.
 5 |     pub fn distributed_device_bytes(
   |            ^^^^^^^^^^^^^^^^^^^^^^^^
...
27 |     pub fn load_distributed(
   |            ^^^^^^^^^^^^^^^^

warning: associated function `placed_workspace_bytes` is never used
   --> crates/ds41rt-daemon/src/v41_backbone_lane/placement.rs:113:12
    |
 98 | impl<'w, 'a> BackboneLane<'w, 'a> {
    | --------------------------------- associated function in this implementation
...
113 |     pub fn placed_workspace_bytes(library: &NativeLibrary, capacity: u32) -> Result<usize> {
    |            ^^^^^^^^^^^^^^^^^^^^^^

warning: associated function `pages_for_context` is never used
   --> crates/ds41rt-daemon/src/v41_backbone_cache.rs:270:12
    |
183 | impl<'a> BackboneCache<'a> {
    | -------------------------- associated function in this implementation
...
270 |     pub fn pages_for_context(slots: usize, context: usize) -> Result<[usize; 4]> {
    |            ^^^^^^^^^^^^^^^^^

warning: method `owner` is never used
   --> crates/ds41rt-daemon/src/v41_backbone_cache.rs:982:12
    |
981 | impl<'a> BackboneCache<'a> {
    | -------------------------- method in this implementation
982 |     pub fn owner(&self) -> u64 {
    |            ^^^^^

warning: associated function `new` is never used
 --> crates/ds41rt-daemon/src/v41_backbone_cache/placement.rs:7:12
  |
6 | impl CachePlacement {
  | ------------------- associated function in this implementation
7 |     pub fn new(attention: [usize; 40]) -> Result<Self> {
  |            ^^^

warning: method `execute_layer` is never used
   --> crates/ds41rt-daemon/src/v41_backbone_execution.rs:465:25
    |
320 | impl<'w, 'a> BackboneExecution<'w, 'a> {
    | -------------------------------------- method in this implementation
...
465 |     pub async unsafe fn execute_layer(
    |                         ^^^^^^^^^^^^^

warning: struct `PairGuard` is never constructed
  --> crates/ds41rt-daemon/src/v41_requests/reservation.rs:86:8
   |
86 | struct PairGuard<'r, 'a> {
   |        ^^^^^^^^^

warning: method `execute_encoder_pair_layer` is never used
   --> crates/ds41rt-daemon/src/v41_requests/reservation.rs:105:25
    |
 98 | impl Requests<'_> {
    | ----------------- method in this implementation
...
105 |     pub async unsafe fn execute_encoder_pair_layer(&mut self,
    |                         ^^^^^^^^^^^^^^^^^^^^^^^^^^

warning: fields `rows`, `collapsed`, `normalized`, `selected_rows`, `token_positions`, and `origin` are never read
  --> crates/ds41rt-daemon/src/v41_target_head.rs:90:9
   |
89 | pub(crate) struct TargetLogits<'a> {
   |                   ------------ fields in this struct
90 |     pub rows: usize,
   |         ^^^^
91 |     pub collapsed: Ds41rtDeviceBuffer,
   |         ^^^^^^^^^
92 |     pub normalized: Ds41rtDeviceBuffer,
   |         ^^^^^^^^^^
93 |     pub logits: Ds41rtDeviceBuffer,
94 |     pub selected_rows: &'a [usize],
   |         ^^^^^^^^^^^^^
95 |     pub token_positions: &'a [u64],
   |         ^^^^^^^^^^^^^^^
96 |     origin: Option<QueryBinding>,
   |     ^^^^^^

warning: method `binding` is never used
   --> crates/ds41rt-daemon/src/v41_target_head.rs:100:12
    |
 99 | impl TargetLogits<'_> {
    | --------------------- method in this implementation
100 |     pub fn binding(&self) -> Result<QueryBinding> {
    |            ^^^^^^^

warning: method `inputs` is never used
   --> crates/ds41rt-daemon/src/v41_target_head.rs:134:12
    |
122 | impl TargetHeadWave<'_, '_> {
    | --------------------------- method in this implementation
...
134 |     pub fn inputs(&self) -> [Ds41rtDeviceBuffer; 2] {
    |            ^^^^^^

warning: methods `execute_logits` and `copy_logits_to` are never used
   --> crates/ds41rt-daemon/src/v41_target_head/distributed.rs:188:25
    |
115 | impl<'w, 'a> DistributedVocabularyWave<'w, 'a> {
    | ---------------------------------------------- methods in this implementation
...
188 |     pub async unsafe fn execute_logits(&mut self, normalized: Ds41rtDeviceBuffer, rows: usize) -> Result<()> {
    |                         ^^^^^^^^^^^^^^
...
277 |     pub async unsafe fn copy_logits_to(&mut self, destination: Ds41rtDeviceBuffer) -> Result<()> {
    |                         ^^^^^^^^^^^^^^

warning: struct `DistributedTargetLogits` is never constructed
  --> crates/ds41rt-daemon/src/v41_target_head/distributed_target.rs:78:19
   |
78 | pub(crate) struct DistributedTargetLogits<'a> {
   |                   ^^^^^^^^^^^^^^^^^^^^^^^

warning: methods `execute_block`, `output`, `selected_rows`, `token_positions`, and `binding` are never used
   --> crates/ds41rt-daemon/src/v41_target_head/distributed_target.rs:125:25
    |
100 | impl<'w, 'a> DistributedTargetHead<'w, 'a> {
    | ------------------------------------------ methods in this implementation
...
125 |     pub async unsafe fn execute_block(&mut self, block: &BlockOutput<'_>, selected: &[usize]) -> Result<()> {
    |                         ^^^^^^^^^^^^^
...
166 |     pub fn output(&self) -> Result<DistributedTargetLogits<'_>> {
    |            ^^^^^^
...
203 |     pub fn selected_rows(&self) -> Result<&[usize]> {
    |            ^^^^^^^^^^^^^
...
206 |     pub fn token_positions(&self) -> Result<&[u64]> {
    |            ^^^^^^^^^^^^^^^
...
209 |     pub fn binding(&self) -> Result<QueryBinding> { self.binding.context("distributed target head unpublished") }
    |            ^^^^^^^

warning: method `output` is never used
   --> crates/ds41rt-daemon/src/v41_target_pass/distributed.rs:710:12
    |
 75 | impl<'w, 'a> DistributedTargetPass<'w, 'a> {
    | ------------------------------------------ method in this implementation
...
710 |     pub fn output(&self, batch: &RequestBatch) -> Result<DistributedTargetLogits<'_>> {
    |            ^^^^^^

warning: struct `EncoderGuard` is never constructed
 --> crates/ds41rt-daemon/src/v41_target_pass/encoder_pair.rs:5:8
  |
5 | struct EncoderGuard<'r, 'a, const N: usize> {
  |        ^^^^^^^^^^^^

warning: methods `execute_reserved_encoder` and `execute_encoder_pair` are never used
  --> crates/ds41rt-daemon/src/v41_target_pass/encoder_pair.rs:21:25
   |
17 | impl<'w, 'a> TargetPass<'w, 'a> {
   | ------------------------------- methods in this implementation
...
21 |     pub async unsafe fn execute_reserved_encoder(&mut self, requests: &mut Requests<'a>,
   |                         ^^^^^^^^^^^^^^^^^^^^^^^^
...
53 |     pub async unsafe fn execute_encoder_pair(&mut self, other: &mut Self,
   |                         ^^^^^^^^^^^^^^^^^^^^

warning: associated function `new` is never used
  --> crates/ds41rt-daemon/src/v41_native_serve/speculative.rs:38:12
   |
37 | impl<'w, 'a> DraftRuntime<'w, 'a> {
   | --------------------------------- associated function in this implementation
38 |     pub fn new(
   |            ^^^

warning: function `expert_layers` is never used
  --> crates/ds41rt-daemon/src/v41_native_serve/memory/distributed.rs:16:15
   |
16 | pub(crate) fn expert_layers(requested: super::LocalLayers, prefix_peak: &[[usize; 2]],
   |               ^^^^^^^^^^^^^

warning: struct `SourcePoolPlan` is never constructed
  --> crates/ds41rt-daemon/src/v41_native_serve/memory/distributed.rs:43:19
   |
43 | pub(crate) struct SourcePoolPlan {
   |                   ^^^^^^^^^^^^^^

warning: associated function `new` is never used
  --> crates/ds41rt-daemon/src/v41_native_serve/memory/distributed.rs:51:12
   |
50 | impl SourcePoolPlan {
   | ------------------- associated function in this implementation
51 |     pub fn new(
   |            ^^^

warning: associated function `new` is never used
   --> crates/ds41rt-daemon/src/v41_native_serve/memory/distributed.rs:105:12
    |
104 | impl PoolPlan {
    | ------------- associated function in this implementation
105 |     pub fn new(placement: crate::v41_backbone_cache::CachePlacement,
    |            ^^^

warning: associated functions `device_bytes` and `load` are never used
  --> crates/ds41rt-daemon/src/v41_attention_output.rs:33:12
   |
22 | impl<'a> AttentionOutputWeights<'a> {
   | ----------------------------------- associated functions in this implementation
...
33 |     pub fn device_bytes(
   |            ^^^^^^^^^^^^
...
47 |     pub fn load(
   |            ^^^^

warning: struct `AttentionOutput` is never constructed
   --> crates/ds41rt-daemon/src/v41_attention_output.rs:140:19
    |
140 | pub(crate) struct AttentionOutput<'a> {
    |                   ^^^^^^^^^^^^^^^

warning: method `binding` is never used
   --> crates/ds41rt-daemon/src/v41_attention_output.rs:152:12
    |
151 | impl AttentionOutput<'_> {
    | ------------------------ method in this implementation
152 |     pub fn binding(&self) -> Result<QueryBinding> {
    |            ^^^^^^^

warning: multiple methods are never used
   --> crates/ds41rt-daemon/src/v41_attention_output.rs:227:15
    |
196 | impl AttentionOutputWave<'_, '_> {
    | -------------------------------- methods in this implementation
...
227 |     unsafe fn enqueue(&mut self, rows: u32) -> Result<()> {
    |               ^^^^^^^
...
274 |     pub unsafe fn execute(&mut self, rows: u32) -> Result<AttentionOutput<'_>> {
    |                   ^^^^^^^
...
283 |     pub unsafe fn capture(&mut self, rows: u32) -> Result<()> {
    |                   ^^^^^^^
...
295 |     unsafe fn capture_ready_on(&mut self, rows: u32, stream: *mut std::ffi::c_void) -> Result<()> {
    |               ^^^^^^^^^^^^^^^^
...
329 |     pub unsafe fn replay(&mut self, rows: u32) -> Result<AttentionOutput<'_>> {
    |                   ^^^^^^
...
347 |     pub unsafe fn execute_attention(
    |                   ^^^^^^^^^^^^^^^^^
...
395 |     pub unsafe fn enqueue_attention(
    |                   ^^^^^^^^^^^^^^^^^
...
430 |     pub unsafe fn enqueue_attention_prepared(&mut self,
    |                   ^^^^^^^^^^^^^^^^^^^^^^^^^^
...
456 |     pub unsafe fn finish_prepared(&mut self, rows: u32,
    |                   ^^^^^^^^^^^^^^^
...
460 |     unsafe fn replay_prepared(&self, rows: u32, stream: *mut std::ffi::c_void) -> Result<Ds41rtDeviceBuffer> {
    |               ^^^^^^^^^^^^^^^
...
528 |     pub fn output(&self) -> Result<AttentionOutput<'_>> {
    |            ^^^^^^
...
549 |     pub fn clear_graph(&mut self) -> Result<()> {
    |            ^^^^^^^^^^^

warning: method `execute` is never used
   --> crates/ds41rt-daemon/src/v41_projection_tp2.rs:214:25
    |
149 | impl<'w,'a> Wave<'w,'a> {
    | ----------------------- method in this implementation
...
214 |     pub async unsafe fn execute(&mut self,layer: usize,rows: u32,input: Ds41rtDeviceBuffer) -> Result<Ds41rtDeviceBuffer> {
    |                         ^^^^^^^

warning: field `buffer` is never read
  --> crates/ds41rt-daemon/src/v41_dspark_cache.rs:38:9
   |
37 | pub(crate) struct WindowView {
   |                   ---------- field in this struct
38 |     pub buffer: Ds41rtDeviceBuffer,
   |         ^^^^^^

warning: method `attention_read` is never used
   --> crates/ds41rt-daemon/src/v41_dspark_cache.rs:350:12
    |
120 | impl<'a> DsparkWindow<'a> {
    | ------------------------- method in this implementation
...
350 |     pub fn attention_read(&self, requests: &[(WindowLease, u64)]) -> Result<WindowRead> {
    |            ^^^^^^^^^^^^^^

warning: method `owner` is never used
   --> crates/ds41rt-daemon/src/v41_dspark_cache/prefix.rs:200:12
    |
199 | impl<'a> DsparkWindow<'a> {
    | ------------------------- method in this implementation
200 |     pub fn owner(&self) -> u64 {
    |            ^^^^^

warning: field `resident_bytes` is never read
  --> crates/ds41rt-daemon/src/v41_tensors.rs:13:5
   |
11 | pub(crate) struct NativeRtxTensors<'a> {
   |                   ---------------- field in this struct
12 |     tensors: BTreeMap<String, DeviceAllocation<'a>>,
13 |     resident_bytes: usize,
   |     ^^^^^^^^^^^^^^

warning: method `resident_bytes` is never used
  --> crates/ds41rt-daemon/src/v41_tensors.rs:81:12
   |
15 | impl<'a> NativeRtxTensors<'a> {
   | ----------------------------- method in this implementation
...
81 |     pub fn resident_bytes(&self) -> usize {
   |            ^^^^^^^^^^^^^^

warning: method `poll_upload` is never used
  --> crates/ds41rt-daemon/src/v41_engram.rs:67:12
   |
34 | impl<'a> EngramDeviceRows<'a> {
   | ----------------------------- method in this implementation
...
67 |     pub fn poll_upload(&mut self, ticket: &mut EngramGatherTicket) -> Result<EngramUploadPoll> {
   |            ^^^^^^^^^^^

warning: method `resident_bytes` is never used
  --> crates/ds41rt-daemon/src/v41_engram/layer.rs:70:12
   |
18 | impl<'a> EngramLayerWeights<'a> {
   | ------------------------------- method in this implementation
...
70 |     pub fn resident_bytes(&self) -> usize {
   |            ^^^^^^^^^^^^^^

warning: `ds41rt-daemon` (bin "ds41rt") generated 536 warnings (run `cargo fix --bin "ds41rt" -p ds41rt-daemon` to apply 95 suggestions)
    Finished `release` profile [optimized] target(s) in 1m 03s
-- The C compiler identification is GNU 13.3.0
-- The CXX compiler identification is GNU 13.3.0
-- Detecting C compiler ABI info
-- Detecting C compiler ABI info - done
-- Check for working C compiler: /usr/bin/cc - skipped
-- Detecting C compile features
-- Detecting C compile features - done
-- Detecting CXX compiler ABI info
-- Detecting CXX compiler ABI info - done
-- Check for working CXX compiler: /usr/bin/c++ - skipped
-- Detecting CXX compile features
-- Detecting CXX compile features - done
-- Found Python3: /usr/bin/python3 (found version "3.12.3") found components: Interpreter
-- verified XGrammar revision=557becfb64c503ae9c04344b0047661f43f44320 source_tree_sha256=7fa7462fa24c26e6f51ea20ae4faf4c1a416448d2795f7f588ddd8a39c4185b8
-- Performing Test CMAKE_HAVE_LIBC_PTHREAD
-- Performing Test CMAKE_HAVE_LIBC_PTHREAD - Success
-- Found Threads: TRUE
-- verified SparkInfer revision=2bcbe122bf34d77fecbaf288df2f395b9c09e79e source_tree_sha256=8b9474c3c5c29097be1efdbf007caaa65817cc7e71fc33e3de18c00953c59f89 source=/tmp/ds41rt-release-build.22nI3u/source/third_party/sparkinfer
-- The CUDA compiler identification is NVIDIA 13.2.78 with host compiler GNU 13.3.0
-- Detecting CUDA compiler ABI info
-- Detecting CUDA compiler ABI info - done
-- Check for working CUDA compiler: /usr/local/cuda/bin/nvcc - skipped
-- Detecting CUDA compile features
-- Detecting CUDA compile features - done
-- Found CUDAToolkit: /usr/local/cuda/targets/x86_64-linux/include (found version "13.2.78")
-- Configuring done (6.2s)
-- Generating done (0.0s)
-- Build files have been written to: /tmp/ds41rt-release-build.22nI3u/native
[0/2] Re-checking globbed directories...
[1/112] Verifying pinned SparkInfer source
verified SparkInfer revision=2bcbe122bf34d77fecbaf288df2f395b9c09e79e source_tree_sha256=8b9474c3c5c29097be1efdbf007caaa65817cc7e71fc33e3de18c00953c59f89 source=/tmp/ds41rt-release-build.22nI3u/source/third_party/sparkinfer
[2/112] Exporting coordinator SparkInfer AOT kernels
verified SparkInfer revision=2bcbe122bf34d77fecbaf288df2f395b9c09e79e source_tree_sha256=8b9474c3c5c29097be1efdbf007caaa65817cc7e71fc33e3de18c00953c59f89 source=/tmp/ds41rt-release-build.22nI3u/source/third_party/sparkinfer
[3/112] Exporting coordinator row-major W8A16 AOT kernels
exported qa rows<=16 tile=16x64x64 bytes=34768 shared=12800
exported qa rows<=32 tile=16x64x64 bytes=34768 shared=12800
exported qa rows<=64 tile=16x64x64 bytes=34768 shared=12800
exported qa rows<=128 tile=32x64x64 bytes=40584 shared=16896
exported qa rows<=256 tile=32x64x64 bytes=40584 shared=16896
exported qa rows<=512 tile=64x128x128 bytes=89112 shared=66560
exported qa rows<=1024 tile=64x128x128 bytes=89112 shared=66560
exported qa rows<=2048 tile=64x128x128 bytes=89112 shared=66560
exported qb rows<=16 tile=16x64x64 bytes=34792 shared=12800
exported qb rows<=32 tile=32x64x64 bytes=40736 shared=16896
exported qb rows<=64 tile=64x128x64 bytes=57200 shared=33792
exported qb rows<=128 tile=128x128x64 bytes=73256 shared=50176
exported qb rows<=256 tile=64x128x64 bytes=57200 shared=33792
exported o rows<=16 tile=16x64x64 bytes=35088 shared=12800
exported o rows<=32 tile=32x64x64 bytes=40744 shared=16896
exported o rows<=64 tile=64x64x128 bytes=57376 shared=49664
exported o rows<=128 tile=128x64x64 bytes=79104 shared=41472
exported o rows<=256 tile=64x256x128 bytes=119496 shared=100352
[4/112] Exporting coordinator packed W8A16 O-projection AOT kernels
verified SparkInfer revision=2bcbe122bf34d77fecbaf288df2f395b9c09e79e source_tree_sha256=8b9474c3c5c29097be1efdbf007caaa65817cc7e71fc33e3de18c00953c59f89 source=/tmp/ds41rt-release-build.22nI3u/source/third_party/sparkinfer
exported w8a16_packed_o_m16: m<=16,block_m:16,tile_n:128,tile_k:64,stages:3,grid:188,shared:32512
exported w8a16_packed_o_m32: m<=32,block_m:32,tile_n:128,tile_k:64,stages:3,grid:188,shared:38912
exported w8a16_packed_o_m64: m<=64,block_m:32,tile_n:128,tile_k:64,stages:3,grid:188,shared:38912
exported w8a16_packed_o_m128: m<=128,block_m:48,tile_n:128,tile_k:64,stages:3,grid:376,shared:45312
exported w8a16_packed_o_m256: m<=256,block_m:48,tile_n:256,tile_k:64,stages:3,grid:188,shared:71424
[5/112] Exporting native V4.1 expert kernels and scratch layouts
verified SparkInfer revision=2bcbe122bf34d77fecbaf288df2f395b9c09e79e source_tree_sha256=8b9474c3c5c29097be1efdbf007caaa65817cc7e71fc33e3de18c00953c59f89 source=/tmp/ds41rt-release-build.22nI3u/source/third_party/sparkinfer
[6/112] Exporting full-width RTX backbone expert kernels
verified SparkInfer revision=2bcbe122bf34d77fecbaf288df2f395b9c09e79e source_tree_sha256=8b9474c3c5c29097be1efdbf007caaa65817cc7e71fc33e3de18c00953c59f89 source=/tmp/ds41rt-release-build.22nI3u/source/third_party/sparkinfer
[7/112] Exporting TP2 RTX backbone expert kernels
verified SparkInfer revision=2bcbe122bf34d77fecbaf288df2f395b9c09e79e source_tree_sha256=8b9474c3c5c29097be1efdbf007caaa65817cc7e71fc33e3de18c00953c59f89 source=/tmp/ds41rt-release-build.22nI3u/source/third_party/sparkinfer
[8/112] Exporting TP2 RTX draft expert kernels
verified SparkInfer revision=2bcbe122bf34d77fecbaf288df2f395b9c09e79e source_tree_sha256=8b9474c3c5c29097be1efdbf007caaa65817cc7e71fc33e3de18c00953c59f89 source=/tmp/ds41rt-release-build.22nI3u/source/third_party/sparkinfer
[9/112] Exporting native V4.1 K32 quantization and FP8 projections
verified SparkInfer revision=2bcbe122bf34d77fecbaf288df2f395b9c09e79e source_tree_sha256=8b9474c3c5c29097be1efdbf007caaa65817cc7e71fc33e3de18c00953c59f89 source=/tmp/ds41rt-release-build.22nI3u/source/third_party/sparkinfer
exported v41_engram_fp8_m1
exported v41_engram_fp8_m16
exported v41_engram_fp8_m80
exported v41_engram_fp8_m256
exported v41_engram_fp8_m1024
exported v41_engram_fp8_m4096
exported v41_ffn_up_fp8_m1
exported v41_ffn_up_fp8_m16
exported v41_ffn_up_fp8_m80
exported v41_ffn_up_fp8_m256
exported v41_ffn_up_fp8_m1024
exported v41_ffn_up_fp8_m4096
exported v41_ffn_down_fp8_m1
exported v41_ffn_down_fp8_m16
exported v41_ffn_down_fp8_m80
exported v41_ffn_down_fp8_m256
exported v41_ffn_down_fp8_m1024
exported v41_ffn_down_fp8_m4096
exported v41_main_fp8_m1
exported v41_main_fp8_m16
exported v41_main_fp8_m80
exported v41_main_fp8_m256
exported v41_main_fp8_m1024
exported v41_main_fp8_m4096
exported v41_q_a_fp8_m1
exported v41_q_a_fp8_m16
exported v41_q_a_fp8_m80
exported v41_q_a_fp8_m256
exported v41_q_a_fp8_m1024
exported v41_q_a_fp8_m4096
exported v41_q_b_fp8_m1
exported v41_q_b_fp8_m16
exported v41_q_b_fp8_m80
exported v41_q_b_fp8_m256
exported v41_q_b_fp8_m1024
exported v41_q_b_fp8_m4096
exported v41_kv_fp8_m1
exported v41_kv_fp8_m16
exported v41_kv_fp8_m80
exported v41_kv_fp8_m256
exported v41_kv_fp8_m1024
exported v41_kv_fp8_m4096
exported v41_o_b_fp8_m1
exported v41_o_b_fp8_m16
exported v41_o_b_fp8_m80
exported v41_o_b_fp8_m256
exported v41_o_b_fp8_m1024
exported v41_o_b_fp8_m4096
exported v41_o_a_fp8_m1
exported v41_o_a_fp8_m16
exported v41_o_a_fp8_m80
exported v41_o_a_fp8_m256
exported v41_o_a_fp8_m1024
exported v41_o_a_fp8_m4096
exported v41_index_q_fp8_m1
exported v41_index_q_fp8_m16
exported v41_index_q_fp8_m80
exported v41_index_q_fp8_m256
exported v41_index_q_fp8_m1024
exported v41_index_q_fp8_m4096
exported v41_q_b_tp2_fp8_m1
exported v41_q_b_tp2_fp8_m16
exported v41_q_b_tp2_fp8_m80
exported v41_q_b_tp2_fp8_m256
exported v41_q_b_tp2_fp8_m1024
exported v41_q_b_tp2_fp8_m4096
exported v41_o_b_tp2_fp8_m1
exported v41_o_b_tp2_fp8_m16
exported v41_o_b_tp2_fp8_m80
exported v41_o_b_tp2_fp8_m256
exported v41_o_b_tp2_fp8_m1024
exported v41_o_b_tp2_fp8_m4096
exported v41_ffn_tp2_up_fp8_m1
exported v41_ffn_tp2_up_fp8_m16
exported v41_ffn_tp2_up_fp8_m80
exported v41_ffn_tp2_up_fp8_m256
exported v41_ffn_tp2_up_fp8_m1024
exported v41_ffn_tp2_up_fp8_m4096
exported v41_ffn_tp2_down_fp8_m1
exported v41_ffn_tp2_down_fp8_m16
exported v41_ffn_tp2_down_fp8_m80
exported v41_ffn_tp2_down_fp8_m256
exported v41_ffn_tp2_down_fp8_m1024
exported v41_ffn_tp2_down_fp8_m4096
[10/112] Generating v41_index/v41_index_score.json, v41_index/v41_index_score.h, v41_index/v41_index_score.o
verified SparkInfer revision=2bcbe122bf34d77fecbaf288df2f395b9c09e79e source_tree_sha256=8b9474c3c5c29097be1efdbf007caaa65817cc7e71fc33e3de18c00953c59f89 source=/tmp/ds41rt-release-build.22nI3u/source/third_party/sparkinfer
[11/112] Generating v41_router/v41_router.json, v41_router/v41_router_dispatch.h, v41_router/v41_router_e128.h, v41_router/v41_router_e384.h, v41_router/v41_router_e128.o, v41_router/v41_router_e384.o
verified SparkInfer revision=2bcbe122bf34d77fecbaf288df2f395b9c09e79e source_tree_sha256=8b9474c3c5c29097be1efdbf007caaa65817cc7e71fc33e3de18c00953c59f89 source=/tmp/ds41rt-release-build.22nI3u/source/third_party/sparkinfer
exported v41_router_e128
exported v41_router_e384
[12/112] Exporting direct V4.1 FP4 attention and sink merge
verified SparkInfer revision=2bcbe122bf34d77fecbaf288df2f395b9c09e79e source_tree_sha256=8b9474c3c5c29097be1efdbf007caaa65817cc7e71fc33e3de18c00953c59f89 source=/tmp/ds41rt-release-build.22nI3u/source/third_party/sparkinfer
/tmp/ds41rt-release-build.22nI3u/native/v41_attention/v41_attention.json
[13/112] Exporting 32-head direct V4.1 FP4 attention and sink merge
verified SparkInfer revision=2bcbe122bf34d77fecbaf288df2f395b9c09e79e source_tree_sha256=8b9474c3c5c29097be1efdbf007caaa65817cc7e71fc33e3de18c00953c59f89 source=/tmp/ds41rt-release-build.22nI3u/source/third_party/sparkinfer
/tmp/ds41rt-release-build.22nI3u/native/v41_attention/v41_attention_heads32.json
[14/112] Exporting NVFP4 rtx_tp2 expert kernels
verified SparkInfer revision=2bcbe122bf34d77fecbaf288df2f395b9c09e79e source_tree_sha256=8b9474c3c5c29097be1efdbf007caaa65817cc7e71fc33e3de18c00953c59f89 source=/tmp/ds41rt-release-build.22nI3u/source/third_party/sparkinfer
[15/112] Exporting NVFP4 rtx_backbone expert kernels
verified SparkInfer revision=2bcbe122bf34d77fecbaf288df2f395b9c09e79e source_tree_sha256=8b9474c3c5c29097be1efdbf007caaa65817cc7e71fc33e3de18c00953c59f89 source=/tmp/ds41rt-release-build.22nI3u/source/third_party/sparkinfer
[16/112] Building native EXL3 modules and verified runtime package (tiers 2,3)
verified SparkInfer revision=2bcbe122bf34d77fecbaf288df2f395b9c09e79e source_tree_sha256=8b9474c3c5c29097be1efdbf007caaa65817cc7e71fc33e3de18c00953c59f89 source=/tmp/ds41rt-release-build.22nI3u/source/third_party/sparkinfer
{"capacity": 1, "experts": 384, "small_prefix": true}
{"capacity": 1, "intermediate": 2304, "bits": [2, 3], "direct": false, "unique_execution_buffer_bytes": 3968168}
{"capacity": 16, "experts": 384, "small_prefix": true}
{"capacity": 16, "intermediate": 2304, "bits": [2, 3], "direct": false, "unique_execution_buffer_bytes": 28271952}
{"capacity": 80, "experts": 384, "small_prefix": true}
{"capacity": 80, "intermediate": 2304, "bits": [2, 3], "direct": false, "unique_execution_buffer_bytes": 42767504}
{"capacity": 256, "experts": 384, "small_prefix": false}
{"capacity": 256, "intermediate": 2304, "bits": [2, 3], "direct": false, "unique_execution_buffer_bytes": 82600464}
{"capacity": 1024, "experts": 384, "small_prefix": false}
{"capacity": 1024, "intermediate": 2304, "bits": [2, 3], "direct": false, "unique_execution_buffer_bytes": 256422672}
{"capacity": 4096, "experts": 384, "small_prefix": false}
{"capacity": 4096, "intermediate": 2304, "bits": [2, 3], "direct": false, "unique_execution_buffer_bytes": 951711504}
{"capacity": 1, "experts": 384, "small_prefix": true}
{"capacity": 1, "intermediate": 1152, "bits": [2, 3], "direct": false, "unique_execution_buffer_bytes": 3041960}
{"capacity": 16, "experts": 384, "small_prefix": true}
{"capacity": 16, "intermediate": 1152, "bits": [2, 3], "direct": false, "unique_execution_buffer_bytes": 27608400}
{"capacity": 80, "experts": 384, "small_prefix": true}
{"capacity": 80, "intermediate": 1152, "bits": [2, 3], "direct": false, "unique_execution_buffer_bytes": 39449744}
{"capacity": 256, "experts": 384, "small_prefix": false}
{"capacity": 256, "intermediate": 1152, "bits": [2, 3], "direct": false, "unique_execution_buffer_bytes": 71983632}
{"capacity": 1024, "experts": 384, "small_prefix": false}
{"capacity": 1024, "intermediate": 1152, "bits": [2, 3], "direct": false, "unique_execution_buffer_bytes": 213955344}
{"capacity": 4096, "experts": 384, "small_prefix": false}
{"capacity": 4096, "intermediate": 1152, "bits": [2, 3], "direct": false, "unique_execution_buffer_bytes": 781842192}
{"capacity": 1, "experts": 128, "small_prefix": true}
{"capacity": 1, "intermediate": 2304, "bits": [2, 3], "direct": false, "unique_execution_buffer_bytes": 1985084}
{"capacity": 16, "experts": 128, "small_prefix": true}
{"capacity": 16, "intermediate": 2304, "bits": [2, 3], "direct": false, "unique_execution_buffer_bytes": 26457744}
{"capacity": 80, "experts": 128, "small_prefix": true}
{"capacity": 80, "intermediate": 2304, "bits": [2, 3], "direct": false, "unique_execution_buffer_bytes": 33703504}
{"capacity": 256, "experts": 128, "small_prefix": true}
{"capacity": 256, "intermediate": 2304, "bits": [2, 3], "direct": false, "unique_execution_buffer_bytes": 53619984}
{"capacity": 1024, "experts": 128, "small_prefix": true}
{"capacity": 1024, "intermediate": 2304, "bits": [2, 3], "direct": false, "unique_execution_buffer_bytes": 140531088}
{"capacity": 4096, "experts": 128, "small_prefix": false}
{"capacity": 4096, "intermediate": 2304, "bits": [2, 3], "direct": false, "unique_execution_buffer_bytes": 488175504}
{"package": "/tmp/ds41rt-release-build.22nI3u/native/exl3-k23", "role": "coordinator", "variants": 18}
[17/112] Building CXX object CMakeFiles/ds41rt_xgrammar.dir/tmp/ds41rt-release-build.22nI3u/source/third_party/xgrammar/cpp/compiled_grammar.cc.o
[18/112] Building CXX object CMakeFiles/ds41rt_xgrammar.dir/tmp/ds41rt-release-build.22nI3u/source/third_party/xgrammar/cpp/config.cc.o
[19/112] Building CXX object CMakeFiles/ds41rt_xgrammar.dir/tmp/ds41rt-release-build.22nI3u/source/third_party/xgrammar/cpp/earley_parser.cc.o
[20/112] Building CXX object CMakeFiles/ds41rt_xgrammar.dir/tmp/ds41rt-release-build.22nI3u/source/third_party/xgrammar/cpp/fsm.cc.o
[21/112] Building CXX object CMakeFiles/ds41rt_xgrammar.dir/tmp/ds41rt-release-build.22nI3u/source/third_party/xgrammar/cpp/fsm_builder.cc.o
[22/112] Building CXX object CMakeFiles/ds41rt_xgrammar.dir/tmp/ds41rt-release-build.22nI3u/source/third_party/xgrammar/cpp/grammar.cc.o
[23/112] Building CXX object CMakeFiles/ds41rt_xgrammar.dir/tmp/ds41rt-release-build.22nI3u/source/third_party/xgrammar/cpp/grammar_builder.cc.o
[24/112] Building CXX object CMakeFiles/ds41rt_xgrammar.dir/tmp/ds41rt-release-build.22nI3u/source/third_party/xgrammar/cpp/grammar_compiler.cc.o
[25/112] Building CXX object CMakeFiles/ds41rt_xgrammar.dir/tmp/ds41rt-release-build.22nI3u/source/third_party/xgrammar/cpp/grammar_matcher.cc.o
[26/112] Building CXX object CMakeFiles/ds41rt_xgrammar.dir/tmp/ds41rt-release-build.22nI3u/source/third_party/xgrammar/cpp/grammar_parser.cc.o
[27/112] Building CXX object CMakeFiles/ds41rt_xgrammar.dir/tmp/ds41rt-release-build.22nI3u/source/third_party/xgrammar/cpp/grammar_printer.cc.o
[28/112] Building CXX object CMakeFiles/ds41rt_xgrammar.dir/tmp/ds41rt-release-build.22nI3u/source/third_party/xgrammar/cpp/json_schema_converter_ext.cc.o
[29/112] Building CXX object CMakeFiles/ds41rt_xgrammar.dir/tmp/ds41rt-release-build.22nI3u/source/third_party/xgrammar/cpp/regex_converter.cc.o
[30/112] Building CXX object CMakeFiles/ds41rt_xgrammar.dir/tmp/ds41rt-release-build.22nI3u/source/third_party/xgrammar/cpp/structural_tag.cc.o
[31/112] Building CXX object CMakeFiles/ds41rt_xgrammar.dir/tmp/ds41rt-release-build.22nI3u/source/third_party/xgrammar/cpp/support/logging.cc.o
[32/112] Building CXX object CMakeFiles/ds41rt_xgrammar.dir/tmp/ds41rt-release-build.22nI3u/source/third_party/xgrammar/cpp/support/recursion_guard.cc.o
[33/112] Building CXX object CMakeFiles/ds41rt_xgrammar.dir/tmp/ds41rt-release-build.22nI3u/source/third_party/xgrammar/cpp/testing.cc.o
[34/112] Building CXX object CMakeFiles/ds41rt_xgrammar.dir/tmp/ds41rt-release-build.22nI3u/source/third_party/xgrammar/cpp/tokenizer_info.cc.o
[35/112] Building CXX object CMakeFiles/ds41rt_xgrammar.dir/v41_xgrammar_unicode.cc.o
[36/112] Building CXX object CMakeFiles/ds41rt_xgrammar.dir/v41_xgrammar_schema.cc.o
[37/112] Building CXX object CMakeFiles/ds41rt_xgrammar.dir/src/xgrammar_regular.cc.o
[38/112] Building CXX object CMakeFiles/ds41rt_xgrammar.dir/src/xgrammar_v41_tools.cc.o
[39/112] Building native EXL3 modules and verified runtime package (tiers 3,4)
verified SparkInfer revision=2bcbe122bf34d77fecbaf288df2f395b9c09e79e source_tree_sha256=8b9474c3c5c29097be1efdbf007caaa65817cc7e71fc33e3de18c00953c59f89 source=/tmp/ds41rt-release-build.22nI3u/source/third_party/sparkinfer
{"capacity": 1, "experts": 384, "small_prefix": true}
{"capacity": 1, "intermediate": 2304, "bits": [3, 4], "direct": false, "unique_execution_buffer_bytes": 3968168}
{"capacity": 16, "experts": 384, "small_prefix": true}
{"capacity": 16, "intermediate": 2304, "bits": [3, 4], "direct": false, "unique_execution_buffer_bytes": 28271952}
{"capacity": 80, "experts": 384, "small_prefix": true}
{"capacity": 80, "intermediate": 2304, "bits": [3, 4], "direct": false, "unique_execution_buffer_bytes": 42767504}
{"capacity": 256, "experts": 384, "small_prefix": false}
{"capacity": 256, "intermediate": 2304, "bits": [3, 4], "direct": false, "unique_execution_buffer_bytes": 82600464}
{"capacity": 1024, "experts": 384, "small_prefix": false}
{"capacity": 1024, "intermediate": 2304, "bits": [3, 4], "direct": false, "unique_execution_buffer_bytes": 256422672}
{"capacity": 4096, "experts": 384, "small_prefix": false}
{"capacity": 4096, "intermediate": 2304, "bits": [3, 4], "direct": false, "unique_execution_buffer_bytes": 951711504}
{"capacity": 1, "experts": 384, "small_prefix": true}
{"capacity": 1, "intermediate": 1152, "bits": [3, 4], "direct": false, "unique_execution_buffer_bytes": 3041960}
{"capacity": 16, "experts": 384, "small_prefix": true}
{"capacity": 16, "intermediate": 1152, "bits": [3, 4], "direct": false, "unique_execution_buffer_bytes": 27608400}
{"capacity": 80, "experts": 384, "small_prefix": true}
{"capacity": 80, "intermediate": 1152, "bits": [3, 4], "direct": false, "unique_execution_buffer_bytes": 39449744}
{"capacity": 256, "experts": 384, "small_prefix": false}
{"capacity": 256, "intermediate": 1152, "bits": [3, 4], "direct": false, "unique_execution_buffer_bytes": 71983632}
{"capacity": 1024, "experts": 384, "small_prefix": false}
{"capacity": 1024, "intermediate": 1152, "bits": [3, 4], "direct": false, "unique_execution_buffer_bytes": 213955344}
{"capacity": 4096, "experts": 384, "small_prefix": false}
{"capacity": 4096, "intermediate": 1152, "bits": [3, 4], "direct": false, "unique_execution_buffer_bytes": 781842192}
{"capacity": 1, "experts": 128, "small_prefix": true}
{"capacity": 1, "intermediate": 2304, "bits": [3, 4], "direct": false, "unique_execution_buffer_bytes": 1985084}
{"capacity": 16, "experts": 128, "small_prefix": true}
{"capacity": 16, "intermediate": 2304, "bits": [3, 4], "direct": false, "unique_execution_buffer_bytes": 26457744}
{"capacity": 80, "experts": 128, "small_prefix": true}
{"capacity": 80, "intermediate": 2304, "bits": [3, 4], "direct": false, "unique_execution_buffer_bytes": 33703504}
{"capacity": 256, "experts": 128, "small_prefix": true}
{"capacity": 256, "intermediate": 2304, "bits": [3, 4], "direct": false, "unique_execution_buffer_bytes": 53619984}
{"capacity": 1024, "experts": 128, "small_prefix": true}
{"capacity": 1024, "intermediate": 2304, "bits": [3, 4], "direct": false, "unique_execution_buffer_bytes": 140531088}
{"capacity": 4096, "experts": 128, "small_prefix": false}
{"capacity": 4096, "intermediate": 2304, "bits": [3, 4], "direct": false, "unique_execution_buffer_bytes": 488175504}
{"package": "/tmp/ds41rt-release-build.22nI3u/native/exl3-k34", "role": "coordinator", "variants": 18}
[40/112] Linking CXX static library libds41rt_xgrammar.a
[41/112] Building CXX object CMakeFiles/ds41rt_native.dir/src/ds41rt_native.cc.o
[42/112] Building CXX object CMakeFiles/ds41rt_native.dir/src/xgrammar_adapter.cc.o
[43/112] Building CUDA object CMakeFiles/ds41rt_native.dir/cuda/kernels/v41_expert_pack.cu.o
[44/112] Building CUDA object CMakeFiles/ds41rt_native.dir/cuda/kernels/v41_exl3_wire.cu.o
[45/112] Building CUDA object CMakeFiles/ds41rt_native.dir/cuda/kernels/v41_route_reduce.cu.o
[46/112] Building CUDA object CMakeFiles/ds41rt_native.dir/cuda/kernels/engram.cu.o
[47/112] Building CUDA object CMakeFiles/ds41rt_native.dir/cuda/kernels/v41_dspark.cu.o
[48/112] Building CUDA object CMakeFiles/ds41rt_native.dir/cuda/kernels/v41_hc.cu.o
[49/112] Building CUDA object CMakeFiles/ds41rt_native.dir/cuda/kernels/v41_router.cu.o
[50/112] Building CUDA object CMakeFiles/ds41rt_native.dir/cuda/kernels/v41_dspark_cache.cu.o
[51/112] Building CUDA object CMakeFiles/ds41rt_native.dir/cuda/kernels/v41_dspark_attention.cu.o
[52/112] Building CUDA object CMakeFiles/ds41rt_native.dir/cuda/kernels/v41_compressor.cu.o
[53/112] Building CUDA object CMakeFiles/ds41rt_native.dir/cuda/kernels/v41_vision.cu.o
/tmp/ds41rt-release-build.22nI3u/source/native/cuda/kernels/v41_vision.cu(12): warning #177-D: variable "<unnamed>::channels" was declared but never referenced
  constexpr int max_rows=9216, heads=16, channels=1024, tile=128;
                                         ^

Remark: The warnings can be suppressed with "-diag-suppress <warning-number>"

[54/112] Building CUDA object CMakeFiles/ds41rt_native.dir/cuda/kernels/v41_kv.cu.o
[55/112] Building CUDA object CMakeFiles/ds41rt_native.dir/cuda/kernels/v41_sparse_attention.cu.o
/tmp/ds41rt-release-build.22nI3u/source/native/cuda/kernels/v41_sparse_attention.cu(22): warning #177-D: function "<unnamed>::fp4_bf16_bits" was declared but never referenced
                            uint16_t fp4_bf16_bits(unsigned value) {
                                     ^

Remark: The warnings can be suppressed with "-diag-suppress <warning-number>"

[56/112] Building CUDA object CMakeFiles/ds41rt_native.dir/cuda/kernels/v41_peer_copy.cu.o
[57/112] Building CUDA object CMakeFiles/ds41rt_native.dir/cuda/kernels/v41_index_scores.cu.o
[58/112] Building CUDA object CMakeFiles/ds41rt_native.dir/cuda/kernels/v41_index_topk.cu.o
[59/112] Building CUDA object CMakeFiles/ds41rt_native.dir/cuda/kernels/v41_candidate_blocks.cu.o
[60/112] Building CUDA object CMakeFiles/ds41rt_native.dir/cuda/kernels/v41_attention_ops.cu.o
[61/112] Building CUDA object CMakeFiles/ds41rt_native.dir/cuda/kernels/norm.cu.o
[62/112] Building CUDA object CMakeFiles/ds41rt_native.dir/cuda/kernels/mlp.cu.o
[63/112] Building CUDA object CMakeFiles/ds41rt_native.dir/cuda/kernels/residual.cu.o
[64/112] Building CUDA object CMakeFiles/ds41rt_native.dir/cuda/kernels/kv_cache.cu.o
[65/112] Building CUDA object CMakeFiles/ds41rt_native.dir/cuda/kernels/mla_indexing.cu.o
[66/112] Building CUDA object CMakeFiles/ds41rt_native.dir/cuda/kernels/router.cu.o
[67/112] Building CUDA object CMakeFiles/ds41rt_native.dir/cuda/kernels/linear.cu.o
[68/112] Building CUDA object CMakeFiles/ds41rt_native.dir/cuda/kernels/attention.cu.o
[69/112] Building CUDA object CMakeFiles/ds41rt_native.dir/cuda/kernels/embedding.cu.o
[70/112] Building CUDA object CMakeFiles/ds41rt_native.dir/cuda/kernels/sampling.cu.o
[71/112] Building CUDA object CMakeFiles/ds41rt_native.dir/cuda/kernels/nibbles.cu.o
[72/112] Building CUDA object CMakeFiles/ds41rt_native.dir/cuda/kernels/nvfp4_payload.cu.o
[73/112] Building CUDA object CMakeFiles/ds41rt_native.dir/cuda/kernels/nvfp4_scale.cu.o
[74/112] Building CUDA object CMakeFiles/ds41rt_native.dir/cuda/kernels/ds4_flash_direct.cu.o
[75/112] Building CUDA object CMakeFiles/ds41rt_native.dir/cuda/kernels/packed_fp8_mla_exact.cu.o
[76/112] Building CUDA object CMakeFiles/ds41rt_native.dir/cuda/kernels/b12x_coordinator.cu.o
[77/112] Building CXX object CMakeFiles/ds41rt_native.dir/w8a16_aot/w8a16_row_major_aot.cc.o
[78/112] Building CUDA object CMakeFiles/ds41rt_native.dir/cuda/kernels/w8a16_packed.cu.o
[79/112] Building CXX object CMakeFiles/ds41rt_native.dir/src/v41_experts.cc.o
[80/112] Building CXX object CMakeFiles/ds41rt_native.dir/src/v41_local_experts.cc.o
[81/112] Building CXX object CMakeFiles/ds41rt_native.dir/src/v41_tp2_experts.cc.o
[82/112] Building CXX object CMakeFiles/ds41rt_native.dir/src/v41_dspark_tp2_experts.cc.o
[83/112] Building CXX object CMakeFiles/ds41rt_native.dir/src/v41_fp8.cc.o
[84/112] Building CUDA object CMakeFiles/ds41rt_native.dir/cuda/kernels/v41_fp8.cu.o
[85/112] Building CXX object CMakeFiles/ds41rt_native.dir/src/v41_index_score.cc.o
[86/112] Building CXX object CMakeFiles/ds41rt_native.dir/src/v41_router_scores.cc.o
[87/112] Building CXX object CMakeFiles/ds41rt_native.dir/src/v41_attention_aot.cc.o
[88/112] Building CXX object CMakeFiles/ds41rt_native.dir/src/v41_attention_heads32_aot.cc.o
[89/112] Building CXX object CMakeFiles/ds41rt_native.dir/src/v41_nvfp4_rtx_tp2_experts.cc.o
[90/112] Building CXX object CMakeFiles/ds41rt_native.dir/src/v41_nvfp4_rtx_backbone_experts.cc.o
[91/112] Linking CXX shared library libds41rt_native.so
[92/112] Building CXX object CMakeFiles/ds41rt_native_selftest.dir/tests/native_selftest.cc.o
[93/112] Building CXX object CMakeFiles/ds41rt_xgrammar_regular_selftest.dir/tests/xgrammar_regular_selftest.cc.o
[94/112] Building CXX object CMakeFiles/ds41rt_xgrammar_selftest.dir/tests/xgrammar_selftest.cc.o
[95/112] Building CXX object CMakeFiles/ds41rt_v41_peer_copy_selftest.dir/tests/v41_peer_copy_selftest.cc.o
[96/112] Building CXX object CMakeFiles/ds41rt_v41_fp4_attention_selftest.dir/tests/v41_fp4_attention_selftest.cc.o
[97/112] Building CXX object CMakeFiles/ds41rt_cuda_inplace_rope_selftest.dir/tests/cuda_inplace_rope_selftest.cc.o
[98/112] Building CXX object CMakeFiles/ds41rt_cuda_checked_argmax_selftest.dir/tests/cuda_checked_argmax_selftest.cc.o
[99/112] Building CXX object CMakeFiles/ds41rt_cuda_stream_query_selftest.dir/tests/cuda_stream_query_selftest.cc.o
[100/112] Building CXX object CMakeFiles/ds41rt_cuda_peer_selftest.dir/tests/cuda_peer_selftest.cc.o
[101/112] Building CXX object CMakeFiles/ds41rt_cuda_selftest.dir/tests/cuda_selftest.cc.o
[102/112] Linking CXX executable ds41rt_native_selftest
[103/112] Linking CXX executable ds41rt_xgrammar_regular_selftest
[104/112] Linking CXX executable ds41rt_xgrammar_selftest
[105/112] Linking CXX executable ds41rt_v41_peer_copy_selftest
[106/112] Linking CXX executable ds41rt_v41_fp4_attention_selftest
[107/112] Linking CXX executable ds41rt_cuda_inplace_rope_selftest
[108/112] Linking CXX executable ds41rt_cuda_checked_argmax_selftest
[109/112] Linking CXX executable ds41rt_cuda_stream_query_selftest
[110/112] Linking CXX executable ds41rt_cuda_peer_selftest
[111/112] Linking CXX executable ds41rt_cuda_selftest
{"verified": true, "role": "coordinator", "variants": 18}
{"verified": true, "role": "coordinator", "variants": 18}
wrote SparkInfer release provenance: /wip/output/nvfp4-ab-auto-shard5/SPARKINFER_PROVENANCE.json revision=2bcbe122bf34d77fecbaf288df2f395b9c09e79e
THIRD_PARTY_NOTICES.md: OK
SPARKINFER_PROVENANCE.json: OK
SPARKINFER_LICENSE: OK
THIRD_PARTY_NOTICES.md: OK
XGRAMMAR_PROVENANCE.json: OK
XGRAMMAR_LICENSE: OK
